Vernier Format 2,,,,
untitled.txt 6/15/2026 13:51:4,,,,
Run 1,,,,
Time,Gate State,Distance,Velocity,Acceleration
0,Blocked,0,,
0.02968,Unblocked,,,
0.87531,Blocked,0.05,0.054,-0.01
0.90517,Unblocked,,,
1.85602,Blocked,0.1,0.054,0.01
1.88274,Unblocked,,,
2.74083,Blocked,0.15,0.054,-0.01
2.76831,Unblocked,,,
3.71993,Blocked,0.2,0.054,0.01
3.75128,Unblocked,,,
4.59725,Blocked,0.25,0.054,-0.01
4.62774,Unblocked,,,
5.58678,Blocked,0.3,0.054,0.01
5.61629,Unblocked,,,
6.45998,Blocked,0.35,0.054,-0.01
6.48929,Unblocked,,,
7.44794,Blocked,0.4,0.054,0.01
7.47988,Unblocked,,,
8.32257,Blocked,0.45,0.054,-0.01
8.35406,Unblocked,,,
9.30262,Blocked,0.5,0.054,0.01
9.33392,Unblocked,,,
10.18053,Blocked,0.55,0.054,-0.01
10.21181,Unblocked,,,
11.15959,Blocked,0.6,0.054,0.01
11.19199,Unblocked,,,
12.03069,Blocked,0.65,0.054,-0.01
12.06301,Unblocked,,,
13.01868,Blocked,0.7,0.054,0.01
13.0513,Unblocked,,,
13.88835,Blocked,0.75,0.054,-0.01
13.9213,Unblocked,,,
14.87653,Blocked,0.8,0.054,0.01
14.9095,Unblocked,,,
15.74408,Blocked,0.85,0.054,-0.01
15.77701,Unblocked,,,
16.73185,Blocked,0.9,0.054,0.01
16.76563,Unblocked,,,
17.59932,Blocked,0.95,0.054,-0.01
17.63328,Unblocked,,,
18.58716,Blocked,1,0.054,0.01
18.62101,Unblocked,,,
19.45428,Blocked,1.05,0.054,-0.01
19.48814,Unblocked,,,
20.4418,Blocked,1.1,0.054,0.01
20.47672,Unblocked,,,
21.3066,Blocked,1.15,0.054,-0.01
21.34153,Unblocked,,,
22.29439,Blocked,1.2,0.054,0.01
22.32954,Unblocked,,,
23.15955,Blocked,1.25,0.054,-0.01
23.19415,Unblocked,,,
24.14808,Blocked,1.3,0.054,0.01
24.18387,Unblocked,,,
25.01142,Blocked,1.35,0.054,-0.01
25.04702,Unblocked,,,
25.99978,Blocked,1.4,0.055,0.01
26.03547,Unblocked,,,
26.86204,Blocked,1.45,0.055,-0.01
26.89788,Unblocked,,,
27.84992,Blocked,1.5,0.055,0.01
27.88653,Unblocked,,,
28.71163,Blocked,1.55,0.055,-0.01
28.74781,Unblocked,,,
29.70116,Blocked,1.6,0.055,0.01
29.73799,Unblocked,,,
30.56155,Blocked,1.65,0.055,-0.01
30.59847,Unblocked,,,
31.55104,Blocked,1.7,0.055,0.01
31.58823,Unblocked,,,
32.41008,Blocked,1.75,0.055,-0.01
32.44721,Unblocked,,,
33.39902,Blocked,1.8,0.055,0.01
33.43685,Unblocked,,,
34.25781,Blocked,1.85,0.055,-0.01
34.29541,Unblocked,,,
35.24774,Blocked,1.9,0.055,0.01
35.28578,Unblocked,,,
36.10584,Blocked,1.95,0.055,-0.01
36.14399,Unblocked,,,
37.09613,Blocked,2,0.055,0.01
37.13464,Unblocked,,,
37.9525,Blocked,2.05,0.055,-0.01
37.99101,Unblocked,,,
38.94285,Blocked,2.1,0.055,0.01
38.98196,Unblocked,,,
39.79858,Blocked,2.15,0.055,-0.01
39.83751,Unblocked,,,
40.78965,Blocked,2.2,0.055,0.01
40.82905,Unblocked,,,
41.64482,Blocked,2.25,0.055,-0.01
41.68435,Unblocked,,,
42.63604,Blocked,2.3,0.055,0.01
42.67589,Unblocked,,,
43.48976,Blocked,2.35,0.055,-0.01
43.52969,Unblocked,,,
44.48121,Blocked,2.4,0.055,0.01
44.52162,Unblocked,,,
45.33415,Blocked,2.45,0.055,-0.01
45.37442,Unblocked,,,
46.32641,Blocked,2.5,0.055,0.01
46.36718,Unblocked,,,
47.17868,Blocked,2.55,0.055,-0.01
47.21947,Unblocked,,,
48.17136,Blocked,2.6,0.055,0.01
48.21245,Unblocked,,,
49.02217,Blocked,2.65,0.055,-0.01
49.06339,Unblocked,,,
50.01493,Blocked,2.7,0.055,0.01
50.05662,Unblocked,,,
50.8649,Blocked,2.75,0.055,-0.01
50.90649,Unblocked,,,
51.85854,Blocked,2.8,0.055,0.01
51.90063,Unblocked,,,
52.70784,Blocked,2.85,0.055,-0.01
52.74998,Unblocked,,,
53.70204,Blocked,2.9,0.055,0.01
53.7445,Unblocked,,,
54.54989,Blocked,2.95,0.055,-0.01
54.5925,Unblocked,,,
55.54419,Blocked,3,0.055,0.01
55.58722,Unblocked,,,
56.3912,Blocked,3.05,0.055,-0.01
56.43413,Unblocked,,,
57.38628,Blocked,3.1,0.055,0.01
57.42974,Unblocked,,,
58.23263,Blocked,3.15,0.055,-0.01
58.27611,Unblocked,,,
59.22837,Blocked,3.2,0.055,0.01
59.27224,Unblocked,,,
60.07325,Blocked,3.25,0.055,-0.01
60.1172,Unblocked,,,
61.06927,Blocked,3.3,0.055,0.01
61.11368,Unblocked,,,
61.9132,Blocked,3.35,0.055,-0.01
61.95751,Unblocked,,,
62.90995,Blocked,3.4,0.055,0.01
62.95479,Unblocked,,,
63.75324,Blocked,3.45,0.055,-0.01
63.79806,Unblocked,,,
64.75062,Blocked,3.5,0.055,0.01
64.79589,Unblocked,,,
65.59256,Blocked,3.55,0.055,-0.01
65.63788,Unblocked,,,
66.59031,Blocked,3.6,0.055,0.01
66.63609,Unblocked,,,
67.43123,Blocked,3.65,0.055,-0.01
67.47695,Unblocked,,,
68.4298,Blocked,3.7,0.055,0.01
68.47602,Unblocked,,,
69.27007,Blocked,3.75,0.055,-0.01
69.31628,Unblocked,,,
70.2693,Blocked,3.8,0.055,0.01
70.31599,Unblocked,,,
71.10827,Blocked,3.85,0.055,-0.01
71.15499,Unblocked,,,
72.10785,Blocked,3.9,0.055,0.01
72.15512,Unblocked,,,
72.94593,Blocked,3.95,0.055,-0.01
72.99301,Unblocked,,,
73.94626,Blocked,4,0.055,0.01
73.99397,Unblocked,,,
74.78362,Blocked,4.05,0.055,-0.01
74.83123,Unblocked,,,
75.78474,Blocked,4.1,0.055,0.01
75.83279,Unblocked,,,
76.62071,Blocked,4.15,0.055,-0.01
76.66888,Unblocked,,,
77.6223,Blocked,4.2,0.055,0.01
77.67091,Unblocked,,,
78.45735,Blocked,4.25,0.055,-0.01
78.50591,Unblocked,,,
79.45974,Blocked,4.3,0.055,0.01
79.50881,Unblocked,,,
80.29414,Blocked,4.35,0.055,-0.01
80.34319,Unblocked,,,
81.29716,Blocked,4.4,0.055,0.01
81.34669,Unblocked,,,
82.13039,Blocked,4.45,0.055,-0.01
82.17994,Unblocked,,,
83.13379,Blocked,4.5,0.055,0.01
83.18393,Unblocked,,,
83.96609,Blocked,4.55,0.055,-0.01
84.01602,Unblocked,,,
84.97029,Blocked,4.6,0.055,0.01
85.02082,Unblocked,,,
85.80181,Blocked,4.65,0.055,-0.01
85.85231,Unblocked,,,
86.80682,Blocked,4.7,0.055,0.01
86.85776,Unblocked,,,
87.63711,Blocked,4.75,0.055,-0.01
87.68814,Unblocked,,,
88.64259,Blocked,4.8,0.056,0.01
88.69407,Unblocked,,,
89.47191,Blocked,4.85,0.056,-0.01
89.52334,Unblocked,,,
90.47816,Blocked,4.9,0.056,0.01
90.53013,Unblocked,,,
91.30676,Blocked,4.95,0.056,-0.01
91.35869,Unblocked,,,
92.31376,Blocked,5,0.056,0.01
92.36622,Unblocked,,,
93.14121,Blocked,5.05,0.056,-0.01
93.19362,Unblocked,,,
94.1487,Blocked,5.1,0.056,0.01
94.20175,Unblocked,,,
94.9752,Blocked,5.15,0.056,-0.01
95.02802,Unblocked,,,
95.9835,Blocked,5.2,0.056,0.01
96.03703,Unblocked,,,
96.80916,Blocked,5.25,0.056,-0.01
96.86255,Unblocked,,,
97.81833,Blocked,5.3,0.056,0.01
97.8723,Unblocked,,,
98.6428,Blocked,5.35,0.056,-0.01
98.69674,Unblocked,,,
99.65253,Blocked,5.4,0.056,0.01
99.70707,Unblocked,,,
100.47601,Blocked,5.45,0.056,-0.01
100.53043,Unblocked,,,
101.48655,Blocked,5.5,0.056,0.01
101.54158,Unblocked,,,
102.30927,Blocked,5.55,0.056,-0.01
102.36423,Unblocked,,,
103.32059,Blocked,5.6,0.056,0.01
103.37611,Unblocked,,,
104.14218,Blocked,5.65,0.056,-0.01
104.19765,Unblocked,,,
105.15407,Blocked,5.7,0.056,0.01
105.21017,Unblocked,,,
105.97466,Blocked,5.75,0.056,-0.01
106.03059,Unblocked,,,
106.98735,Blocked,5.8,0.056,0.01
107.04397,Unblocked,,,
107.80715,Blocked,5.85,0.056,-0.01
107.86357,Unblocked,,,
108.82064,Blocked,5.9,0.056,0.01
108.87774,Unblocked,,,
109.63927,Blocked,5.95,0.056,-0.01
109.69624,Unblocked,,,
110.6534,Blocked,6,0.056,0.01
110.71106,Unblocked,,,
111.47105,Blocked,6.05,0.056,-0.01
111.5285,Unblocked,,,
112.48603,Blocked,6.1,0.056,0.01
112.54418,Unblocked,,,
113.30282,Blocked,6.15,0.056,-0.01
113.36084,Unblocked,,,
114.31865,Blocked,6.2,0.056,0.01
114.3773,Unblocked,,,
115.13429,Blocked,6.25,0.056,-0.01
115.19283,Unblocked,,,
116.15081,Blocked,6.3,0.056,0.01
116.21005,Unblocked,,,
116.96543,Blocked,6.35,0.056,-0.01
117.02448,Unblocked,,,
117.98279,Blocked,6.4,0.056,0.01
118.04258,Unblocked,,,
118.79656,Blocked,6.45,0.056,-0.01
118.85616,Unblocked,,,
119.81476,Blocked,6.5,0.056,0.01
119.87507,Unblocked,,,
120.62736,Blocked,6.55,0.056,-0.01
120.68752,Unblocked,,,
121.64631,Blocked,6.6,0.056,0.01
121.70718,Unblocked,,,
122.4579,Blocked,6.65,0.056,-0.01
122.51857,Unblocked,,,
123.47775,Blocked,6.7,0.056,0.01
123.53916,Unblocked,,,
124.28845,Blocked,6.75,0.056,-0.01
124.34963,Unblocked,,,
125.30912,Blocked,6.8,0.056,0.01
125.37104,Unblocked,,,
126.11865,Blocked,6.85,0.056,-0.01
126.1804,Unblocked,,,
127.14009,Blocked,6.9,0.056,0.01
127.20256,Unblocked,,,
127.94858,Blocked,6.95,0.056,-0.01
128.01086,Unblocked,,,
128.97094,Blocked,7,0.056,0.01
129.03398,Unblocked,,,
129.7785,Blocked,7.05,0.056,-0.01
129.84133,Unblocked,,,
130.80172,Blocked,7.1,0.056,0.01
130.86527,Unblocked,,,
131.60814,Blocked,7.15,0.056,-0.01
131.67156,Unblocked,,,
132.63214,Blocked,7.2,0.056,0.01
132.69629,Unblocked,,,
133.43758,Blocked,7.25,0.056,-0.01
133.50151,Unblocked,,,
134.4625,Blocked,7.3,0.056,0.01
134.52722,Unblocked,,,
135.26701,Blocked,7.35,0.056,-0.01
135.33149,Unblocked,,,
136.29277,Blocked,7.4,0.056,0.01
136.35807,Unblocked,,,
137.09613,Blocked,7.45,0.056,-0.01
137.16117,Unblocked,,,
138.12269,Blocked,7.5,0.056,0.01
138.18858,Unblocked,,,
138.92503,Blocked,7.55,0.056,-0.01
138.99061,Unblocked,,,
139.95252,Blocked,7.6,0.056,0.02
140.01897,Unblocked,,,
140.75391,Blocked,7.65,0.056,-0.02
140.82007,Unblocked,,,
141.7823,Blocked,7.7,0.056,0.02
141.8493,Unblocked,,,
142.58251,Blocked,7.75,0.056,-0.02
142.64924,Unblocked,,,
143.61171,Blocked,7.8,0.056,0.02
143.67931,Unblocked,,,
144.4109,Blocked,7.85,0.056,-0.02
144.47821,Unblocked,,,
145.44106,Blocked,7.9,0.056,0.02
145.50924,Unblocked,,,
146.23932,Blocked,7.95,0.056,-0.02
146.30719,Unblocked,,,
147.27031,Blocked,8,0.057,0.02
147.33908,Unblocked,,,
148.06743,Blocked,8.05,0.057,-0.02
148.13589,Unblocked,,,
149.09929,Blocked,8.1,0.057,0.02
149.16868,Unblocked,,,
149.89537,Blocked,8.15,0.057,-0.02
149.96442,Unblocked,,,
150.92828,Blocked,8.2,0.057,0.02
150.99822,Unblocked,,,
151.7233,Blocked,8.25,0.057,-0.02
151.79295,Unblocked,,,
152.75715,Blocked,8.3,0.057,0.02
152.82767,Unblocked,,,
153.551,Blocked,8.35,0.057,-0.02
153.62125,Unblocked,,,
154.58572,Blocked,8.4,0.057,0.02
154.65687,Unblocked,,,
155.37856,Blocked,8.45,0.057,-0.02
155.44936,Unblocked,,,
156.41429,Blocked,8.5,0.057,0.02
156.48602,Unblocked,,,
157.2061,Blocked,8.55,0.057,-0.02
157.27749,Unblocked,,,
158.24277,Blocked,8.6,0.057,0.02
158.3151,Unblocked,,,
159.03339,Blocked,8.65,0.057,-0.02
159.10539,Unblocked,,,
160.07096,Blocked,8.7,0.057,0.02
160.14389,Unblocked,,,
160.86055,Blocked,8.75,0.057,-0.02
160.93315,Unblocked,,,
161.89908,Blocked,8.8,0.057,0.02
161.97265,Unblocked,,,
162.68766,Blocked,8.85,0.057,-0.02
162.76083,Unblocked,,,
163.72712,Blocked,8.9,0.057,0.02
163.80129,Unblocked,,,
164.51452,Blocked,8.95,0.057,-0.02
164.5883,Unblocked,,,
165.55496,Blocked,9,0.057,0.02
165.62976,Unblocked,,,
166.34129,Blocked,9.05,0.057,-0.02
166.41567,Unblocked,,,
167.38275,Blocked,9.1,0.057,0.02
167.45817,Unblocked,,,
168.16801,Blocked,9.15,0.057,-0.02
168.24301,Unblocked,,,
169.21044,Blocked,9.2,0.057,0.02
169.28647,Unblocked,,,
169.99455,Blocked,9.25,0.057,-0.02
170.07015,Unblocked,,,
171.03787,Blocked,9.3,0.057,0.02
171.11456,Unblocked,,,
171.82096,Blocked,9.35,0.057,-0.02
171.89714,Unblocked,,,
172.86533,Blocked,9.4,0.057,0.02
172.9426,Unblocked,,,
173.64728,Blocked,9.45,0.057,-0.02
173.72411,Unblocked,,,
174.69269,Blocked,9.5,0.057,0.02
174.77059,Unblocked,,,
175.47344,Blocked,9.55,0.057,-0.02
175.55089,Unblocked,,,
176.51985,Blocked,9.6,0.057,0.02
176.59841,Unblocked,,,
177.29952,Blocked,9.65,0.057,-0.02
177.37756,Unblocked,,,
178.34697,Blocked,9.7,0.057,0.02
178.42616,Unblocked,,,
179.12552,Blocked,9.75,0.057,-0.02
179.20421,Unblocked,,,
180.17395,Blocked,9.8,0.057,0.02
180.25382,Unblocked,,,
180.95139,Blocked,9.85,0.057,-0.02
181.03069,Unblocked,,,
182.00083,Blocked,9.9,0.057,0.02
182.08134,Unblocked,,,
182.77707,Blocked,9.95,0.057,-0.02
182.85699,Unblocked,,,
183.82758,Blocked,10,0.057,0.02
183.90874,Unblocked,,,
184.60277,Blocked,10.05,0.057,-0.02
184.68329,Unblocked,,,
185.65425,Blocked,10.1,0.057,0.02
185.73608,Unblocked,,,
186.42818,Blocked,10.15,0.057,-0.02
186.50933,Unblocked,,,
187.48074,Blocked,10.2,0.057,0.02
187.56325,Unblocked,,,
188.2535,Blocked,10.25,0.057,-0.02
188.33527,Unblocked,,,
189.30719,Blocked,10.3,0.057,0.02
189.39035,Unblocked,,,
190.07873,Blocked,10.35,0.057,-0.02
190.16116,Unblocked,,,
191.13356,Blocked,10.4,0.058,0.02
191.21743,Unblocked,,,
191.90392,Blocked,10.45,0.058,-0.02
191.98702,Unblocked,,,
192.95983,Blocked,10.5,0.058,0.02
193.04439,Unblocked,,,
193.72909,Blocked,10.55,0.058,-0.02
193.8128,Unblocked,,,
194.78601,Blocked,10.6,0.058,0.02
194.87124,Unblocked,,,
195.55416,Blocked,10.65,0.058,-0.02
195.6385,Unblocked,,,
196.61202,Blocked,10.7,0.058,0.02
196.69792,Unblocked,,,
197.37906,Blocked,10.75,0.058,-0.02
197.46406,Unblocked,,,
198.43794,Blocked,10.8,0.058,0.02
198.52454,Unblocked,,,
199.20392,Blocked,10.85,0.058,-0.02
199.28953,Unblocked,,,
200.26386,Blocked,10.9,0.058,0.02
200.35113,Unblocked,,,
201.02863,Blocked,10.95,0.058,-0.02
201.11494,Unblocked,,,
202.08966,Blocked,11,0.058,0.02
202.17764,Unblocked,,,
202.85326,Blocked,11.05,0.058,-0.02
202.9402,Unblocked,,,
203.91534,Blocked,11.1,0.058,0.02
204.00404,Unblocked,,,
204.67777,Blocked,11.15,0.058,-0.02
204.76539,Unblocked,,,
205.74104,Blocked,11.2,0.058,0.02
205.83043,Unblocked,,,
206.50224,Blocked,11.25,0.058,-0.02
206.59057,Unblocked,,,
207.56659,Blocked,11.3,0.058,0.02
207.65675,Unblocked,,,
208.32659,Blocked,11.35,0.058,-0.02
208.41562,Unblocked,,,
209.39208,Blocked,11.4,0.058,0.02
209.48295,Unblocked,,,
210.15088,Blocked,11.45,0.058,-0.02
210.24062,Unblocked,,,
211.21751,Blocked,11.5,0.058,0.02
211.30912,Unblocked,,,
211.97505,Blocked,11.55,0.058,-0.02
212.06552,Unblocked,,,
213.04281,Blocked,11.6,0.058,0.02
213.13517,Unblocked,,,
213.7991,Blocked,11.65,0.058,-0.02
213.89031,Unblocked,,,
214.86807,Blocked,11.7,0.058,0.02
214.96115,Unblocked,,,
215.62309,Blocked,11.75,0.058,-0.02
215.71506,Unblocked,,,
216.69328,Blocked,11.8,0.058,0.02
216.78714,Unblocked,,,
217.4469,Blocked,11.85,0.058,-0.02
217.53965,Unblocked,,,
218.51834,Blocked,11.9,0.058,0.02
218.61297,Unblocked,,,
219.27051,Blocked,11.95,0.058,-0.02
219.36403,Unblocked,,,
220.34323,Blocked,12,0.058,0.02
220.43865,Unblocked,,,
221.09401,Blocked,12.05,0.058,-0.02
221.18838,Unblocked,,,
222.1681,Blocked,12.1,0.058,0.02
222.26432,Unblocked,,,
222.9175,Blocked,12.15,0.058,-0.02
223.01268,Unblocked,,,
223.99285,Blocked,12.2,0.058,0.02
224.08985,Unblocked,,,
224.74087,Blocked,12.25,0.058,-0.02
224.83692,Unblocked,,,
225.8175,Blocked,12.3,0.059,0.02
225.91532,Unblocked,,,
226.56427,Blocked,12.35,0.059,-0.02
226.66115,Unblocked,,,
227.64217,Blocked,12.4,0.059,0.02
227.74079,Unblocked,,,
228.38758,Blocked,12.45,0.059,-0.02
228.48531,Unblocked,,,
229.46676,Blocked,12.5,0.059,0.02
229.56624,Unblocked,,,
230.21083,Blocked,12.55,0.059,-0.02
230.30945,Unblocked,,,
231.29132,Blocked,12.6,0.059,0.02
231.39161,Unblocked,,,
232.03403,Blocked,12.65,0.059,-0.02
232.1335,Unblocked,,,
233.11577,Blocked,12.7,0.059,0.02
233.21694,Unblocked,,,
233.85708,Blocked,12.75,0.059,-0.02
233.95745,Unblocked,,,
234.94017,Blocked,12.8,0.059,0.02
235.04219,Unblocked,,,
235.68006,Blocked,12.85,0.059,-0.02
235.78135,Unblocked,,,
236.76451,Blocked,12.9,0.059,0.02
236.86733,Unblocked,,,
237.50301,Blocked,12.95,0.059,-0.02
237.60516,Unblocked,,,
238.58881,Blocked,13,0.059,0.02
238.69247,Unblocked,,,
239.32577,Blocked,13.05,0.059,-0.02
239.42891,Unblocked,,,
240.41299,Blocked,13.1,0.059,0.02
240.51753,Unblocked,,,
241.14844,Blocked,13.15,0.059,-0.02
241.25252,Unblocked,,,
242.2371,Blocked,13.2,0.059,0.02
242.34247,Unblocked,,,
242.97108,Blocked,13.25,0.059,-0.02
243.07608,Unblocked,,,
244.06114,Blocked,13.3,0.059,0.02
244.16736,Unblocked,,,
244.79362,Blocked,13.35,0.059,-0.02
244.89959,Unblocked,,,
245.88512,Blocked,13.4,0.059,0.02
245.99231,Unblocked,,,
246.61617,Blocked,13.45,0.059,-0.02
246.7231,Unblocked,,,
247.70908,Blocked,13.5,0.059,0.02
247.81714,Unblocked,,,
248.43867,Blocked,13.55,0.059,-0.03
248.54655,Unblocked,,,
249.53294,Blocked,13.6,0.059,0.03
249.6419,Unblocked,,,
250.26104,Blocked,13.65,0.059,-0.03
250.36988,Unblocked,,,
251.35676,Blocked,13.7,0.06,0.03
251.46661,Unblocked,,,
252.08335,Blocked,13.75,0.06,-0.03
252.19313,Unblocked,,,
253.18054,Blocked,13.8,0.06,0.03
253.2913,Unblocked,,,
253.90562,Blocked,13.85,0.06,-0.03
254.01637,Unblocked,,,
255.0043,Blocked,13.9,0.06,0.03
255.11597,Unblocked,,,
255.72776,Blocked,13.95,0.06,-0.03
255.83949,Unblocked,,,
256.82795,Blocked,14,0.06,0.03
256.94046,Unblocked,,,
257.54982,Blocked,14.05,0.06,-0.03
257.66255,Unblocked,,,
258.65157,Blocked,14.1,0.06,0.03
258.76496,Unblocked,,,
259.37189,Blocked,14.15,0.06,-0.03
259.48553,Unblocked,,,
260.47514,Blocked,14.2,0.06,0.03
260.5895,Unblocked,,,
261.19389,Blocked,14.25,0.06,-0.03
261.30855,Unblocked,,,
262.29857,Blocked,14.3,0.06,0.03
262.41387,Unblocked,,,
263.01578,Blocked,14.35,0.06,-0.03
263.13145,Unblocked,,,
264.12202,Blocked,14.4,0.06,0.03
264.23827,Unblocked,,,
264.8377,Blocked,14.45,0.06,-0.03
264.9544,Unblocked,,,
265.94537,Blocked,14.5,0.06,0.03
266.06255,Unblocked,,,
266.65946,Blocked,14.55,0.06,-0.03
266.77714,Unblocked,,,
267.76857,Blocked,14.6,0.06,0.03
267.88676,Unblocked,,,
268.48102,Blocked,14.65,0.06,-0.03
268.59975,Unblocked,,,
269.59178,Blocked,14.7,0.06,0.03
269.71091,Unblocked,,,
270.30254,Blocked,14.75,0.06,-0.03
270.42233,Unblocked,,,
271.41499,Blocked,14.8,0.061,0.03
271.53513,Unblocked,,,
272.12409,Blocked,14.85,0.061,-0.03
272.24489,Unblocked,,,
273.23813,Blocked,14.9,0.061,0.03
273.3593,Unblocked,,,
273.94559,Blocked,14.95,0.061,-0.03
274.06748,Unblocked,,,
275.06128,Blocked,15,0.061,0.03
275.18337,Unblocked,,,
275.76707,Blocked,15.05,0.061,-0.03
275.89,Unblocked,,,
276.8843,Blocked,15.1,0.061,0.03
277.00732,Unblocked,,,
277.58843,Blocked,15.15,0.061,-0.03
277.71243,Unblocked,,,
278.70727,Blocked,15.2,0.061,0.03
278.83127,Unblocked,,,
279.40971,Blocked,15.25,0.061,-0.03
279.53483,Unblocked,,,
280.53025,Blocked,15.3,0.061,0.03
280.6553,Unblocked,,,
281.23101,Blocked,15.35,0.061,-0.03
281.35724,Unblocked,,,
282.35325,Blocked,15.4,0.061,0.03
282.47936,Unblocked,,,
283.0523,Blocked,15.45,0.061,-0.03
283.17965,Unblocked,,,
284.17612,Blocked,15.5,0.061,0.03
284.30328,Unblocked,,,
284.87347,Blocked,15.55,0.061,-0.03
285.00197,Unblocked,,,
285.99898,Blocked,15.6,0.061,0.03
286.12719,Unblocked,,,
286.69466,Blocked,15.65,0.061,-0.03
286.82426,Unblocked,,,
287.82181,Blocked,15.7,0.062,0.03
287.9511,Unblocked,,,
288.51569,Blocked,15.75,0.061,-0.03
288.64651,Unblocked,,,
289.64455,Blocked,15.8,0.062,0.03
289.77492,Unblocked,,,
290.33669,Blocked,15.85,0.062,-0.03
290.46866,Unblocked,,,
291.46729,Blocked,15.9,0.062,0.03
291.59872,Unblocked,,,
292.15754,Blocked,15.95,0.062,-0.03
292.29074,Unblocked,,,
293.28997,Blocked,16,0.062,0.03
293.42249,Unblocked,,,
293.97831,Blocked,16.05,0.062,-0.03
294.11267,Unblocked,,,
295.11263,Blocked,16.1,0.062,0.03
295.24626,Unblocked,,,
295.79897,Blocked,16.15,0.062,-0.03
295.93458,Unblocked,,,
296.93522,Blocked,16.2,0.062,0.03
297.07003,Unblocked,,,
297.61958,Blocked,16.25,0.062,-0.03
297.75642,Unblocked,,,
298.75773,Blocked,16.3,0.062,0.03
298.8937,Unblocked,,,
299.44022,Blocked,16.35,0.062,-0.03
299.57829,Unblocked,,,
300.58023,Blocked,16.4,0.062,0.03
300.71739,Unblocked,,,
301.26072,Blocked,16.45,0.062,-0.03
301.40005,Unblocked,,,
302.40267,Blocked,16.5,0.063,0.03
302.54096,Unblocked,,,
303.08115,Blocked,16.55,0.063,-0.03
303.22176,Unblocked,,,
304.225,Blocked,16.6,0.063,0.03
304.36449,Unblocked,,,
304.90158,Blocked,16.65,0.063,-0.03
305.04345,Unblocked,,,
306.0473,Blocked,16.7,0.063,0.03
306.18796,Unblocked,,,
306.72197,Blocked,16.75,0.063,-0.03
306.86508,Unblocked,,,
307.86958,Blocked,16.8,0.063,0.03
308.01146,Unblocked,,,
308.54223,Blocked,16.85,0.063,-0.03
308.68667,Unblocked,,,
309.69186,Blocked,16.9,0.063,0.03
309.83496,Unblocked,,,
310.36256,Blocked,16.95,0.063,-0.03
310.50829,Unblocked,,,
311.51407,Blocked,17,0.063,0.03
311.65838,Unblocked,,,
312.18291,Blocked,17.05,0.063,-0.03
312.3299,Unblocked,,,
313.33626,Blocked,17.1,0.063,0.03
313.48173,Unblocked,,,
314.00315,Blocked,17.15,0.063,-0.03
314.15143,Unblocked,,,
315.15831,Blocked,17.2,0.064,0.04
315.30508,Unblocked,,,
315.82337,Blocked,17.25,0.064,-0.04
315.97294,Unblocked,,,
316.98048,Blocked,17.3,0.064,0.04
317.12853,Unblocked,,,
317.6434,Blocked,17.35,0.064,-0.04
317.79435,Unblocked,,,
318.80259,Blocked,17.4,0.064,0.04
318.95197,Unblocked,,,
319.46329,Blocked,17.45,0.064,-0.04
319.61563,Unblocked,,,
320.62465,Blocked,17.5,0.064,0.04
320.77535,Unblocked,,,
321.28322,Blocked,17.55,0.064,-0.04
321.43693,Unblocked,,,
322.44669,Blocked,17.6,0.064,0.04
322.5987,Unblocked,,,
323.10305,Blocked,17.65,0.064,-0.04
323.2582,Unblocked,,,
324.26865,Blocked,17.7,0.064,0.04
324.42205,Unblocked,,,
324.92276,Blocked,17.75,0.064,-0.04
325.07933,Unblocked,,,
326.09058,Blocked,17.8,0.065,0.04
326.2453,Unblocked,,,
326.74246,Blocked,17.85,0.065,-0.04
326.90051,Unblocked,,,
327.91242,Blocked,17.9,0.065,0.04
328.06855,Unblocked,,,
328.56213,Blocked,17.95,0.065,-0.04
328.72165,Unblocked,,,
329.73429,Blocked,18,0.065,0.04
329.89181,Unblocked,,,
330.38174,Blocked,18.05,0.065,-0.04
330.54271,Unblocked,,,
331.55612,Blocked,18.1,0.065,0.04
331.71505,Unblocked,,,
332.20135,Blocked,18.15,0.065,-0.04
332.36376,Unblocked,,,
333.37793,Blocked,18.2,0.065,0.04
333.53828,Unblocked,,,
334.02093,Blocked,18.25,0.065,-0.04
334.18478,Unblocked,,,
335.19964,Blocked,18.3,0.065,0.04
335.36144,Unblocked,,,
335.84037,Blocked,18.35,0.065,-0.04
336.00573,Unblocked,,,
337.02129,Blocked,18.4,0.066,0.04
337.18462,Unblocked,,,
337.65977,Blocked,18.45,0.066,-0.04
337.82664,Unblocked,,,
338.84297,Blocked,18.5,0.066,0.04
339.00778,Unblocked,,,
339.47902,Blocked,18.55,0.066,-0.04
339.6475,Unblocked,,,
340.66461,Blocked,18.6,0.066,0.04
340.83094,Unblocked,,,
341.29824,Blocked,18.65,0.066,-0.04
341.46823,Unblocked,,,
342.48615,Blocked,18.7,0.066,0.04
342.65405,Unblocked,,,
343.11733,Blocked,18.75,0.066,-0.04
343.28897,Unblocked,,,
344.30768,Blocked,18.8,0.067,0.04
344.4772,Unblocked,,,
344.93643,Blocked,18.85,0.067,-0.04
345.10966,Unblocked,,,
346.12919,Blocked,18.9,0.067,0.04
346.3003,Unblocked,,,
346.75552,Blocked,18.95,0.067,-0.04
346.93041,Unblocked,,,
347.95073,Blocked,19,0.067,0.04
348.12343,Unblocked,,,
348.57445,Blocked,19.05,0.067,-0.04
348.75103,Unblocked,,,
349.7722,Blocked,19.1,0.067,0.04
349.94656,Unblocked,,,
350.39329,Blocked,19.15,0.067,-0.04
350.57157,Unblocked,,,
351.59365,Blocked,19.2,0.068,0.04
351.76964,Unblocked,,,
352.21219,Blocked,19.25,0.068,-0.04
352.3921,Unblocked,,,
353.41496,Blocked,19.3,0.068,0.04
353.59279,Unblocked,,,
354.03091,Blocked,19.35,0.068,-0.04
354.21263,Unblocked,,,
355.23627,Blocked,19.4,0.068,0.04
355.41582,Unblocked,,,
355.84949,Blocked,19.45,0.068,-0.04
356.03301,Unblocked,,,
357.05757,Blocked,19.5,0.068,0.04
357.23884,Unblocked,,,
357.66807,Blocked,19.55,0.068,-0.04
357.85338,Unblocked,,,
358.87883,Blocked,19.6,0.069,0.05
359.06196,Unblocked,,,
359.48667,Blocked,19.65,0.069,-0.05
359.67378,Unblocked,,,
360.70002,Blocked,19.7,0.069,0.05
360.88497,Unblocked,,,
361.30517,Blocked,19.75,0.069,-0.05
361.49404,Unblocked,,,
362.52117,Blocked,19.8,0.069,0.05
362.70788,Unblocked,,,
363.12358,Blocked,19.85,0.069,-0.05
363.31435,Unblocked,,,
364.34231,Blocked,19.9,0.069,0.05
364.53091,Unblocked,,,
364.94187,Blocked,19.95,0.069,-0.05
365.13457,Unblocked,,,
366.1634,Blocked,20,0.07,0.05
366.35385,Unblocked,,,
366.76034,Blocked,20.05,0.07,-0.05
366.95482,Unblocked,,,
367.98449,Blocked,20.1,0.07,0.05
368.17683,Unblocked,,,
368.57867,Blocked,20.15,0.07,-0.05
368.775,Unblocked,,,
369.80549,Blocked,20.2,0.07,0.05
369.99987,Unblocked,,,
370.39681,Blocked,20.25,0.07,-0.05
370.59506,Unblocked,,,
371.6265,Blocked,20.3,0.071,0.05
371.82277,Unblocked,,,
372.21495,Blocked,20.35,0.071,-0.05
372.41517,Unblocked,,,
373.44745,Blocked,20.4,0.071,0.05
373.64565,Unblocked,,,
374.03304,Blocked,20.45,0.071,-0.05
374.23522,Unblocked,,,
375.26831,Blocked,20.5,0.071,0.05
375.46859,Unblocked,,,
375.85105,Blocked,20.55,0.071,-0.05
376.05528,Unblocked,,,
377.08919,Blocked,20.6,0.072,0.05
377.29155,Unblocked,,,
377.66893,Blocked,20.65,0.072,-0.05
377.87531,Unblocked,,,
378.91012,Blocked,20.7,0.072,0.05
379.11462,Unblocked,,,
379.48687,Blocked,20.75,0.072,-0.05
379.69529,Unblocked,,,
380.73101,Blocked,20.8,0.072,0.05
380.93767,Unblocked,,,
381.30463,Blocked,20.85,0.072,-0.05
381.51522,Unblocked,,,
382.55177,Blocked,20.9,0.073,0.05
382.76064,Unblocked,,,
383.12239,Blocked,20.95,0.073,-0.05
383.33508,Unblocked,,,
384.37262,Blocked,21,0.073,0.05
384.58366,Unblocked,,,
384.93991,Blocked,21.05,0.073,-0.05
385.1549,Unblocked,,,
386.19331,Blocked,21.1,0.073,0.05
386.40667,Unblocked,,,
386.75753,Blocked,21.15,0.073,-0.05
386.97472,Unblocked,,,
388.01404,Blocked,21.2,0.074,0.05
388.22963,Unblocked,,,
388.57504,Blocked,21.25,0.074,-0.05
388.79452,Unblocked,,,
389.83464,Blocked,21.3,0.074,0.05
390.05252,Unblocked,,,
390.39245,Blocked,21.35,0.074,-0.05
390.61424,Unblocked,,,
391.65527,Blocked,21.4,0.075,0.06
391.87566,Unblocked,,,
392.20966,Blocked,21.45,0.075,-0.06
392.43395,Unblocked,,,
393.47584,Blocked,21.5,0.075,0.06
393.69902,Unblocked,,,
394.02683,Blocked,21.55,0.075,-0.06
394.25362,Unblocked,,,
395.29655,Blocked,21.6,0.076,0.06
395.52221,Unblocked,,,
395.8439,Blocked,21.65,0.076,-0.06
396.07329,Unblocked,,,
397.11715,Blocked,21.7,0.076,0.06
397.34554,Unblocked,,,
397.66091,Blocked,21.75,0.076,-0.06
397.89294,Unblocked,,,
398.93776,Blocked,21.8,0.077,0.06
399.16877,Unblocked,,,
399.47791,Blocked,21.85,0.077,-0.06
399.71252,Unblocked,,,
400.75823,Blocked,21.9,0.077,0.06
400.99214,Unblocked,,,
401.29478,Blocked,21.95,0.077,-0.06
401.53211,Unblocked,,,
402.57873,Blocked,22,0.078,0.06
402.8156,Unblocked,,,
403.11154,Blocked,22.05,0.078,-0.06
403.35167,Unblocked,,,
404.3992,Blocked,22.1,0.078,0.06
404.63909,Unblocked,,,
404.92813,Blocked,22.15,0.078,-0.06
405.17115,Unblocked,,,
406.21964,Blocked,22.2,0.079,0.06
406.4626,Unblocked,,,
406.74474,Blocked,22.25,0.079,-0.06
406.99067,Unblocked,,,
408.03999,Blocked,22.3,0.079,0.06
408.28601,Unblocked,,,
408.56115,Blocked,22.35,0.079,-0.06
408.81017,Unblocked,,,
409.86033,Blocked,22.4,0.08,0.06
410.10967,Unblocked,,,
410.37741,Blocked,22.45,0.08,-0.06
410.62951,Unblocked,,,
411.68064,Blocked,22.5,0.081,0.07
411.93341,Unblocked,,,
412.19336,Blocked,22.55,0.081,-0.07
412.44879,Unblocked,,,
413.50088,Blocked,22.6,0.081,0.07
413.75729,Unblocked,,,
414.00956,Blocked,22.65,0.081,-0.07
414.26812,Unblocked,,,
415.32115,Blocked,22.7,0.082,0.07
415.5812,Unblocked,,,
415.82525,Blocked,22.75,0.082,-0.07
416.08735,Unblocked,,,
417.14131,Blocked,22.8,0.083,0.07
417.40513,Unblocked,,,
417.64102,Blocked,22.85,0.083,-0.07
417.90652,Unblocked,,,
418.96144,Blocked,22.9,0.084,0.07
419.22921,Unblocked,,,
419.45644,Blocked,22.95,0.084,-0.07
419.72574,Unblocked,,,
420.78159,Blocked,23,0.085,0.07
421.05384,Unblocked,,,
421.27161,Blocked,23.05,0.085,-0.07
421.54483,Unblocked,,,
422.60171,Blocked,23.1,0.086,0.07
422.87842,Unblocked,,,
423.08686,Blocked,23.15,0.086,-0.07
423.36401,Unblocked,,,
424.42175,Blocked,23.2,0.087,0.07
424.70297,Unblocked,,,
424.90172,Blocked,23.25,0.087,-0.07
425.18314,Unblocked,,,
426.2418,Blocked,23.3,0.088,0.07
426.52814,Unblocked,,,
426.7164,Blocked,23.35,0.088,-0.07
427.0022,Unblocked,,,
428.06179,Blocked,23.4,0.089,0.08
428.35357,Unblocked,,,
428.53068,Blocked,23.45,0.089,-0.08
428.82132,Unblocked,,,
429.8817,Blocked,23.5,0.09,0.08
430.17946,Unblocked,,,
430.34488,Blocked,23.55,0.09,-0.08
430.64045,Unblocked,,,
431.70168,Blocked,23.6,0.091,0.08
432.00551,Unblocked,,,
432.15829,Blocked,23.65,0.091,-0.08
432.45938,Unblocked,,,
433.52164,Blocked,23.7,0.093,0.08
433.83329,Unblocked,,,
433.97133,Blocked,23.75,0.093,-0.08
434.2784,Unblocked,,,
435.34147,Blocked,23.8,0.095,0.08
435.66312,Unblocked,,,
435.78293,Blocked,23.85,0.095,-0.08
436.0971,Unblocked,,,
437.16123,Blocked,23.9,0.097,0.09
437.49405,Unblocked,,,
437.59265,Blocked,23.95,0.097,-0.09
437.91572,Unblocked,,,
438.9809,Blocked,24,0.1,0.09
439.33153,Unblocked,,,
439.40161,Blocked,24.05,0.1,-0.09
439.73438,Unblocked,,,
440.80085,Blocked,24.1,0.032,-0.01
441.55327,Unblocked,,,
442.62063,Blocked,24.15,0.027,0
443.37193,Unblocked,,,
444.44043,Blocked,24.2,0.027,0
445.19081,Unblocked,,,
446.26028,Blocked,24.25,0.027,0
447.00953,Unblocked,,,
448.07999,Blocked,24.3,0.027,0
448.82824,Unblocked,,,
449.89949,Blocked,24.35,0.027,0
450.64691,Unblocked,,,
451.71914,Blocked,24.4,0.027,0
452.46557,Unblocked,,,
453.53872,Blocked,24.45,0.027,0
454.28425,Unblocked,,,
455.3582,Blocked,24.5,0.027,0
456.10279,Unblocked,,,
457.1778,Blocked,24.55,0.027,0
457.92145,Unblocked,,,
458.99732,Blocked,24.6,0.027,0
459.74007,Unblocked,,,
460.81678,Blocked,24.65,0.027,0
461.55866,Unblocked,,,
462.63613,Blocked,24.7,0.027,0
463.37738,Unblocked,,,
464.45583,Blocked,24.75,0.027,0
465.19582,Unblocked,,,
466.27527,Blocked,24.8,0.027,0
467.01437,Unblocked,,,
468.09451,Blocked,24.85,0.027,0
468.83281,Unblocked,,,
469.91392,Blocked,24.9,0.027,0
470.65125,Unblocked,,,
471.73332,Blocked,24.95,0.027,0
472.46972,Unblocked,,,
473.55262,Blocked,25,0.027,0
474.2881,Unblocked,,,
475.37213,Blocked,25.05,0.027,0
476.10645,Unblocked,,,
477.19125,Blocked,25.1,0.027,0
477.9246,Unblocked,,,
479.01047,Blocked,25.15,0.027,0
479.74315,Unblocked,,,
480.82994,Blocked,25.2,0.027,0
481.56144,Unblocked,,,
482.649,Blocked,25.25,0.027,0
483.37965,Unblocked,,,
484.46826,Blocked,25.3,0.027,0
485.19806,Unblocked,,,
486.28749,Blocked,25.35,0.027,0
487.01621,Unblocked,,,
488.10667,Blocked,25.4,0.027,0
488.83447,Unblocked,,,
489.92582,Blocked,25.45,0.027,0
490.65268,Unblocked,,,
491.74491,Blocked,25.5,0.027,0
492.47086,Unblocked,,,
493.56412,Blocked,25.55,0.027,0
494.28911,Unblocked,,,
495.38328,Blocked,25.6,0.027,0
496.10737,Unblocked,,,
497.20242,Blocked,25.65,0.027,0
497.92556,Unblocked,,,
499.02145,Blocked,25.7,0.027,0
499.74379,Unblocked,,,
500.84066,Blocked,25.75,0.027,0
501.56192,Unblocked,,,
502.65966,Blocked,25.8,0.027,0
503.37997,Unblocked,,,
504.47876,Blocked,25.85,0.027,0
505.19797,Unblocked,,,
506.29782,Blocked,25.9,0.027,0
507.01598,Unblocked,,,
508.11679,Blocked,25.95,0.027,0
508.83412,Unblocked,,,
509.93572,Blocked,26,0.027,0
510.65222,Unblocked,,,
511.75475,Blocked,26.05,0.027,0
512.47022,Unblocked,,,
513.57358,Blocked,26.1,0.027,0
514.28837,Unblocked,,,
515.3926,Blocked,26.15,0.027,0
516.10635,Unblocked,,,
517.21152,Blocked,26.2,0.027,0
517.92412,Unblocked,,,
519.03033,Blocked,26.25,0.027,0
519.74204,Unblocked,,,
520.84924,Blocked,26.3,0.027,0
521.56011,Unblocked,,,
522.66815,Blocked,26.35,0.027,0
523.3781,Unblocked,,,
524.4871,Blocked,26.4,0.027,0
525.19601,Unblocked,,,
526.30598,Blocked,26.45,0.027,0
527.01409,Unblocked,,,
528.12491,Blocked,26.5,0.027,0
528.83209,Unblocked,,,
529.94382,Blocked,26.55,0.027,0
530.65004,Unblocked,,,
531.7628,Blocked,26.6,0.027,0
532.46799,Unblocked,,,
533.58168,Blocked,26.65,0.027,0
534.28593,Unblocked,,,
535.40052,Blocked,26.7,0.027,0
536.10381,Unblocked,,,
537.21947,Blocked,26.75,0.027,0
537.92175,Unblocked,,,
539.03832,Blocked,26.8,0.027,0
539.73953,Unblocked,,,
540.85714,Blocked,26.85,0.027,0
541.55741,Unblocked,,,
542.67598,Blocked,26.9,0.027,0
543.37532,Unblocked,,,
544.49475,Blocked,26.95,0.027,0
545.19312,Unblocked,,,
546.31349,Blocked,27,0.027,0
547.0109,Unblocked,,,
548.13232,Blocked,27.05,0.027,0
548.82868,Unblocked,,,
549.95106,Blocked,27.1,0.027,0
550.64659,Unblocked,,,
551.76972,Blocked,27.15,0.027,0
552.46441,Unblocked,,,
553.58843,Blocked,27.2,0.027,0
554.28221,Unblocked,,,
555.40722,Blocked,27.25,0.027,0
556.10001,Unblocked,,,
557.2259,Blocked,27.3,0.027,0
557.91776,Unblocked,,,
559.04462,Blocked,27.35,0.027,0
559.73546,Unblocked,,,
560.86337,Blocked,27.4,0.027,0
561.55319,Unblocked,,,
562.68207,Blocked,27.45,0.027,0
563.371,Unblocked,,,
564.50072,Blocked,27.5,0.027,0
565.1887,Unblocked,,,
566.31956,Blocked,27.55,0.027,0
567.0064,Unblocked,,,
568.13841,Blocked,27.6,0.027,0
568.82406,Unblocked,,,
569.95711,Blocked,27.65,0.027,0
570.64176,Unblocked,,,
571.77571,Blocked,27.7,0.027,0
572.45938,Unblocked,,,
573.59458,Blocked,27.75,0.027,0
574.27703,Unblocked,,,
575.41325,Blocked,27.8,0.027,0
576.09455,Unblocked,,,
577.23183,Blocked,27.85,0.027,0
577.91234,Unblocked,,,
579.05056,Blocked,27.9,0.027,0
579.72977,Unblocked,,,
580.8691,Blocked,27.95,0.027,0
581.54748,Unblocked,,,
582.68777,Blocked,28,0.027,0
583.36505,Unblocked,,,
584.50643,Blocked,28.05,0.027,0
585.18268,Unblocked,,,
586.32519,Blocked,28.1,0.027,0
587.00034,Unblocked,,,
588.14367,Blocked,28.15,0.027,0
588.81786,Unblocked,,,
589.96232,Blocked,28.2,0.027,0
590.6353,Unblocked,,,
591.78092,Blocked,28.25,0.027,0
592.45273,Unblocked,,,
593.59945,Blocked,28.3,0.027,0
594.27028,Unblocked,,,
595.41794,Blocked,28.35,0.027,0
596.08782,Unblocked,,,
597.2366,Blocked,28.4,0.027,0
597.90526,Unblocked,,,
599.05514,Blocked,28.45,0.027,0
599.72268,Unblocked,,,
600.87366,Blocked,28.5,0.027,0
601.54027,Unblocked,,,
602.69226,Blocked,28.55,0.027,0
603.35788,Unblocked,,,
604.51082,Blocked,28.6,0.027,0
605.17541,Unblocked,,,
606.32934,Blocked,28.65,0.027,0
606.99279,Unblocked,,,
608.1478,Blocked,28.7,0.027,0
608.81012,Unblocked,,,
609.96639,Blocked,28.75,0.027,0
610.62732,Unblocked,,,
611.78525,Blocked,28.8,0.027,0
612.44442,Unblocked,,,
613.60366,Blocked,28.85,0.027,0
614.26167,Unblocked,,,
615.42217,Blocked,28.9,0.027,0
616.07914,Unblocked,,,
617.24066,Blocked,28.95,0.027,0
617.89656,Unblocked,,,
619.05908,Blocked,29,0.027,0
619.71385,Unblocked,,,
620.87774,Blocked,29.05,0.027,0
621.53109,Unblocked,,,
622.69631,Blocked,29.1,0.027,0
623.3484,Unblocked,,,
624.51472,Blocked,29.15,0.027,0
625.16574,Unblocked,,,
626.33321,Blocked,29.2,0.027,0
626.98311,Unblocked,,,
628.1515,Blocked,29.25,0.027,0
628.8005,Unblocked,,,
629.97023,Blocked,29.3,0.027,0
630.6178,Unblocked,,,
631.78852,Blocked,29.35,0.027,0
632.43542,Unblocked,,,
633.60719,Blocked,29.4,0.027,0
634.25249,Unblocked,,,
635.42572,Blocked,29.45,0.027,0
636.07001,Unblocked,,,
637.24403,Blocked,29.5,0.027,0
637.88722,Unblocked,,,
639.06287,Blocked,29.55,0.027,0
639.70462,Unblocked,,,
640.88085,Blocked,29.6,0.027,0
641.52206,Unblocked,,,
642.69945,Blocked,29.65,0.027,0
643.33917,Unblocked,,,
644.51785,Blocked,29.7,0.027,0
645.15659,Unblocked,,,
646.33625,Blocked,29.75,0.027,0
646.97385,Unblocked,,,
648.15475,Blocked,29.8,0.027,0
648.79091,Unblocked,,,
649.97305,Blocked,29.85,0.027,0
650.60829,Unblocked,,,
651.79141,Blocked,29.9,0.027,0
652.42553,Unblocked,,,
653.60985,Blocked,29.95,0.027,0
654.24268,Unblocked,,,
655.42817,Blocked,30,0.027,0
656.05995,Unblocked,,,
657.24643,Blocked,30.05,0.027,0
657.87717,Unblocked,,,
659.06508,Blocked,30.1,0.027,0
659.6944,Unblocked,,,
660.88348,Blocked,30.15,0.027,0
661.51153,Unblocked,,,
662.70183,Blocked,30.2,0.027,0
663.3287,Unblocked,,,
664.52013,Blocked,30.25,0.027,0
665.14585,Unblocked,,,
666.33858,Blocked,30.3,0.027,0
666.96301,Unblocked,,,
668.15715,Blocked,30.35,0.027,0
668.77997,Unblocked,,,
669.97561,Blocked,30.4,0.027,0
670.59685,Unblocked,,,
671.79414,Blocked,30.45,0.027,0
672.41382,Unblocked,,,
673.61259,Blocked,30.5,0.027,0
674.23072,Unblocked,,,
675.43108,Blocked,30.55,0.027,0
676.04787,Unblocked,,,
677.24949,Blocked,30.6,0.027,0
677.86496,Unblocked,,,
679.06783,Blocked,30.65,0.027,0
679.68215,Unblocked,,,
680.88607,Blocked,30.7,0.027,0
681.49927,Unblocked,,,
682.70447,Blocked,30.75,0.027,0
683.31622,Unblocked,,,
684.52256,Blocked,30.8,0.027,0
685.13329,Unblocked,,,
686.34148,Blocked,30.85,0.027,0
686.94949,Unblocked,,,
688.1601,Blocked,30.9,0.028,0
688.7663,Unblocked,,,
689.97753,Blocked,30.95,0.027,0
690.58358,Unblocked,,,
691.79682,Blocked,31,0.027,0
692.40052,Unblocked,,,
693.61468,Blocked,31.05,0.028,0
694.21752,Unblocked,,,
695.43279,Blocked,31.1,0.027,0
696.03427,Unblocked,,,
697.25153,Blocked,31.15,0.027,0
697.85131,Unblocked,,,
699.06961,Blocked,31.2,0.028,0
699.66813,Unblocked,,,
700.88778,Blocked,31.25,0.027,0
701.48521,Unblocked,,,
702.70623,Blocked,31.3,0.027,0
703.30229,Unblocked,,,
704.52463,Blocked,31.35,0.027,0
705.11898,Unblocked,,,
706.34269,Blocked,31.4,0.028,0
706.93574,Unblocked,,,
708.16096,Blocked,31.45,0.027,0
708.75267,Unblocked,,,
709.97917,Blocked,31.5,0.027,0
710.56964,Unblocked,,,
711.79752,Blocked,31.55,0.027,0
712.38668,Unblocked,,,
713.61569,Blocked,31.6,0.027,0
714.20367,Unblocked,,,
715.43405,Blocked,31.65,0.027,0
716.02044,Unblocked,,,
717.25238,Blocked,31.7,0.027,0
717.83725,Unblocked,,,
719.07073,Blocked,31.75,0.027,0
719.65412,Unblocked,,,
720.88899,Blocked,31.8,0.027,0
721.47094,Unblocked,,,
722.70723,Blocked,31.85,0.027,0
723.28789,Unblocked,,,
724.52554,Blocked,31.9,0.027,0
725.10458,Unblocked,,,
726.34382,Blocked,31.95,0.027,0
726.92117,Unblocked,,,
728.1622,Blocked,32,0.027,0
728.73799,Unblocked,,,
729.98051,Blocked,32.05,0.027,0
730.55488,Unblocked,,,
731.79889,Blocked,32.1,0.027,0
732.37168,Unblocked,,,
733.61697,Blocked,32.15,0.027,0
734.1886,Unblocked,,,
735.4353,Blocked,32.2,0.027,0
736.00535,Unblocked,,,
737.25357,Blocked,32.25,0.027,0
737.82234,Unblocked,,,
739.07172,Blocked,32.3,0.028,0
739.63924,Unblocked,,,
740.88987,Blocked,32.35,0.027,0
741.45599,Unblocked,,,
742.7081,Blocked,32.4,0.027,0
743.2729,Unblocked,,,
744.5264,Blocked,32.45,0.027,0
745.08975,Unblocked,,,
746.34453,Blocked,32.5,0.028,0
746.90637,Unblocked,,,
748.16276,Blocked,32.55,0.027,0
748.72313,Unblocked,,,
749.98097,Blocked,32.6,0.027,0
750.53991,Unblocked,,,
751.79942,Blocked,32.65,0.027,0
752.35655,Unblocked,,,
753.61752,Blocked,32.7,0.027,0
754.17324,Unblocked,,,
755.43584,Blocked,32.75,0.027,0
755.99015,Unblocked,,,
757.25404,Blocked,32.8,0.027,0
757.80674,Unblocked,,,
759.07229,Blocked,32.85,0.027,0
759.62371,Unblocked,,,
760.89066,Blocked,32.9,0.027,0
761.44026,Unblocked,,,
762.70886,Blocked,32.95,0.028,0
763.25713,Unblocked,,,
764.52702,Blocked,33,0.028,0
765.07351,Unblocked,,,
766.3451,Blocked,33.05,0.027,0
766.89035,Unblocked,,,
768.16363,Blocked,33.1,0.027,0
768.70692,Unblocked,,,
769.98186,Blocked,33.15,0.027,0
770.52364,Unblocked,,,
771.80001,Blocked,33.2,0.028,0
772.34039,Unblocked,,,
773.61817,Blocked,33.25,0.027,0
774.15708,Unblocked,,,
775.43649,Blocked,33.3,0.027,0
775.97372,Unblocked,,,
777.25468,Blocked,33.35,0.028,0
777.79019,Unblocked,,,
779.07264,Blocked,33.4,0.028,0
779.60675,Unblocked,,,
780.89079,Blocked,33.45,0.027,0
781.42344,Unblocked,,,
782.70939,Blocked,33.5,0.027,0
783.23963,Unblocked,,,
784.5276,Blocked,33.55,0.028,0
785.0562,Unblocked,,,
786.34563,Blocked,33.6,0.027,0
786.87293,Unblocked,,,
788.164,Blocked,33.65,0.027,0
788.68929,Unblocked,,,
789.98234,Blocked,33.7,0.027,0
790.50564,Unblocked,,,
791.80063,Blocked,33.75,0.027,0
792.32211,Unblocked,,,
793.61882,Blocked,33.8,0.027,0
794.13869,Unblocked,,,
795.43715,Blocked,33.85,0.027,0
795.95479,Unblocked,,,
797.25558,Blocked,33.9,0.027,0
797.77132,Unblocked,,,
799.07358,Blocked,33.95,0.028,0
799.58781,Unblocked,,,
800.89194,Blocked,34,0.027,0
801.4043,Unblocked,,,
802.7101,Blocked,34.05,0.028,0
803.22083,Unblocked,,,
804.52829,Blocked,34.1,0.028,0
805.03732,Unblocked,,,
806.34645,Blocked,34.15,0.028,0
806.8539,Unblocked,,,
808.16457,Blocked,34.2,0.028,0
808.67039,Unblocked,,,
809.98261,Blocked,34.25,0.027,0
810.48691,Unblocked,,,
811.80112,Blocked,34.3,0.027,0
812.30348,Unblocked,,,
813.6191,Blocked,34.35,0.028,0
814.11989,Unblocked,,,
815.43739,Blocked,34.4,0.027,0
815.93626,Unblocked,,,
817.25553,Blocked,34.45,0.028,0
817.75264,Unblocked,,,
819.07354,Blocked,34.5,0.028,0
819.56916,Unblocked,,,
820.89157,Blocked,34.55,0.028,0
821.38559,Unblocked,,,
822.70982,Blocked,34.6,0.027,0
823.2018,Unblocked,,,
824.52803,Blocked,34.65,0.027,0
825.01834,Unblocked,,,
826.34618,Blocked,34.7,0.028,0
826.83461,Unblocked,,,
828.16427,Blocked,34.75,0.028,0
828.65111,Unblocked,,,
829.98236,Blocked,34.8,0.027,0
830.46735,Unblocked,,,
831.80071,Blocked,34.85,0.027,0
832.28359,Unblocked,,,
833.61878,Blocked,34.9,0.027,0
834.09987,Unblocked,,,
835.43732,Blocked,34.95,0.027,0
835.91592,Unblocked,,,
837.25534,Blocked,35,0.028,0
837.73251,Unblocked,,,
839.07355,Blocked,35.05,0.027,0
839.54883,Unblocked,,,
840.89181,Blocked,35.1,0.028,0
841.36477,Unblocked,,,
842.70987,Blocked,35.15,0.028,0
843.18069,Unblocked,,,
844.52772,Blocked,35.2,0.028,0
844.99676,Unblocked,,,
846.34612,Blocked,35.25,0.027,0
846.81332,Unblocked,,,
848.16425,Blocked,35.3,0.028,0
848.62955,Unblocked,,,
849.98215,Blocked,35.35,0.028,0
850.44567,Unblocked,,,
851.80055,Blocked,35.4,0.027,0
852.26163,Unblocked,,,
853.61874,Blocked,35.45,0.028,0
854.07813,Unblocked,,,
855.43655,Blocked,35.5,0.028,0
855.89435,Unblocked,,,
857.25489,Blocked,35.55,0.027,0
857.71038,Unblocked,,,
859.07307,Blocked,35.6,0.027,0
859.5268,Unblocked,,,
860.89133,Blocked,35.65,0.027,0
861.34288,Unblocked,,,
862.70956,Blocked,35.7,0.027,0
863.15892,Unblocked,,,
864.5277,Blocked,35.75,0.027,0
864.9753,Unblocked,,,
866.34603,Blocked,35.8,0.027,0
866.79126,Unblocked,,,
868.16408,Blocked,35.85,0.028,0
868.60736,Unblocked,,,
869.98222,Blocked,35.9,0.028,0
870.42356,Unblocked,,,
871.8002,Blocked,35.95,0.028,0
872.23978,Unblocked,,,
873.61838,Blocked,36,0.027,0
874.05542,Unblocked,,,
875.43674,Blocked,36.05,0.027,0
875.87183,Unblocked,,,
877.25513,Blocked,36.1,0.027,0
877.68799,Unblocked,,,
879.07315,Blocked,36.15,0.027,0
879.50402,Unblocked,,,
880.89156,Blocked,36.2,0.027,0
881.32003,Unblocked,,,
882.70992,Blocked,36.25,0.027,0
883.13594,Unblocked,,,
884.52811,Blocked,36.3,0.028,0
884.95191,Unblocked,,,
886.34621,Blocked,36.35,0.027,0
886.76809,Unblocked,,,
888.16451,Blocked,36.4,0.027,0
888.58404,Unblocked,,,
889.9828,Blocked,36.45,0.027,0
890.39989,Unblocked,,,
891.80114,Blocked,36.5,0.027,0
892.21593,Unblocked,,,
893.61941,Blocked,36.55,0.027,0
894.0317,Unblocked,,,
895.43783,Blocked,36.6,0.027,0
895.84755,Unblocked,,,
897.25601,Blocked,36.65,0.027,0
897.66339,Unblocked,,,
899.07452,Blocked,36.7,0.027,0
899.47913,Unblocked,,,
900.89279,Blocked,36.75,0.027,0
901.29519,Unblocked,,,
902.71119,Blocked,36.8,0.027,0
903.11121,Unblocked,,,
904.52933,Blocked,36.85,0.028,0
904.92696,Unblocked,,,
906.34752,Blocked,36.9,0.027,0
906.74295,Unblocked,,,
908.16572,Blocked,36.95,0.027,0
908.55874,Unblocked,,,
909.98394,Blocked,37,0.028,0
910.37482,Unblocked,,,
911.80202,Blocked,37.05,0.027,0
912.19066,Unblocked,,,
913.62044,Blocked,37.1,0.027,0
914.0063,Unblocked,,,
915.43881,Blocked,37.15,0.028,0
915.82208,Unblocked,,,
917.25676,Blocked,37.2,0.027,0
917.63824,Unblocked,,,
919.07527,Blocked,37.25,0.027,0
919.45405,Unblocked,,,
920.89364,Blocked,37.3,0.027,0
921.27003,Unblocked,,,
922.71201,Blocked,37.35,0.028,0
923.08592,Unblocked,,,
924.52985,Blocked,37.4,0.028,0
924.90191,Unblocked,,,
926.34741,Blocked,37.45,0.027,0
926.71614,Unblocked,,,
928.1664,Blocked,37.5,0.027,0
928.53416,Unblocked,,,
929.98447,Blocked,37.55,,
930.34966,Unblocked,,,
Run 2,,,,
0,Blocked,0,,
0.17456,Unblocked,,,
0.60318,Blocked,0.05,0.069,-0.05
0.78297,Unblocked,,,
1.82392,Blocked,0.1,0.069,0.05
2.00342,Unblocked,,,
2.42494,Blocked,0.15,0.069,-0.05
2.60708,Unblocked,,,
3.65121,Blocked,0.2,0.07,0.05
3.83902,Unblocked,,,
4.24893,Blocked,0.25,0.07,-0.05
4.4337,Unblocked,,,
5.47181,Blocked,0.3,0.07,0.05
5.66436,Unblocked,,,
6.06834,Blocked,0.35,0.07,-0.05
6.25406,Unblocked,,,
7.28253,Blocked,0.4,0.069,0.05
7.47487,Unblocked,,,
7.88678,Blocked,0.45,0.069,-0.05
8.0739,Unblocked,,,
9.09784,Blocked,0.5,0.07,0.05
9.28934,Unblocked,,,
9.69226,Blocked,0.55,0.07,-0.05
9.88941,Unblocked,,,
10.91367,Blocked,0.6,0.071,0.05
11.10879,Unblocked,,,
11.49677,Blocked,0.65,0.071,-0.05
11.70068,Unblocked,,,
12.73432,Blocked,0.7,0.071,0.05
12.93044,Unblocked,,,
13.31755,Blocked,0.75,0.071,-0.05
13.52046,Unblocked,,,
14.55902,Blocked,0.8,0.072,0.05
14.75596,Unblocked,,,
15.13824,Blocked,0.85,0.072,-0.05
15.33914,Unblocked,,,
16.37717,Blocked,0.9,0.072,0.05
16.57285,Unblocked,,,
16.95682,Blocked,0.95,0.072,-0.05
17.15603,Unblocked,,,
18.19546,Blocked,1,0.071,0.05
18.39123,Unblocked,,,
18.77622,Blocked,1.05,0.071,-0.05
18.97631,Unblocked,,,
20.01641,Blocked,1.1,0.073,0.05
20.21869,Unblocked,,,
20.58805,Blocked,1.15,0.073,-0.05
20.79489,Unblocked,,,
21.83511,Blocked,1.2,0.073,0.05
22.0433,Unblocked,,,
22.40202,Blocked,1.25,0.073,-0.05
22.6131,Unblocked,,,
23.65476,Blocked,1.3,0.073,0.05
23.86504,Unblocked,,,
24.222,Blocked,1.35,0.073,-0.05
24.43449,Unblocked,,,
25.47417,Blocked,1.4,0.074,0.05
25.68795,Unblocked,,,
26.03453,Blocked,1.45,0.074,-0.05
26.25161,Unblocked,,,
27.2892,Blocked,1.5,0.074,0.05
27.50577,Unblocked,,,
27.84826,Blocked,1.55,0.074,-0.05
28.06743,Unblocked,,,
29.1081,Blocked,1.6,0.074,0.06
29.32742,Unblocked,,,
29.66472,Blocked,1.65,0.074,-0.06
29.88662,Unblocked,,,
30.9289,Blocked,1.7,0.075,0.06
31.15328,Unblocked,,,
31.47964,Blocked,1.75,0.075,-0.06
31.70329,Unblocked,,,
32.74717,Blocked,1.8,0.075,0.06
32.97022,Unblocked,,,
33.29811,Blocked,1.85,0.075,-0.06
33.52085,Unblocked,,,
34.56708,Blocked,1.9,0.075,0.06
34.78929,Unblocked,,,
35.11741,Blocked,1.95,0.075,-0.06
35.34056,Unblocked,,,
36.38687,Blocked,2,0.076,0.06
36.61252,Unblocked,,,
36.9295,Blocked,2.05,0.076,-0.06
37.15727,Unblocked,,,
38.20436,Blocked,2.1,0.077,0.06
38.4322,Unblocked,,,
38.74415,Blocked,2.15,0.077,-0.06
38.9755,Unblocked,,,
40.02463,Blocked,2.2,0.077,0.06
40.25603,Unblocked,,,
40.56076,Blocked,2.25,0.077,-0.06
40.79539,Unblocked,,,
41.84396,Blocked,2.3,0.078,0.06
42.07947,Unblocked,,,
42.37381,Blocked,2.35,0.078,-0.06
42.61223,Unblocked,,,
43.66077,Blocked,2.4,0.078,0.06
43.89803,Unblocked,,,
44.19097,Blocked,2.45,0.078,-0.06
44.43025,Unblocked,,,
45.48007,Blocked,2.5,0.079,0.06
45.72036,Unblocked,,,
46.00607,Blocked,2.55,0.079,-0.06
46.24867,Unblocked,,,
47.29915,Blocked,2.6,0.08,0.06
47.54499,Unblocked,,,
47.81926,Blocked,2.65,0.08,-0.06
48.06516,Unblocked,,,
49.11639,Blocked,2.7,0.08,0.06
49.36539,Unblocked,,,
49.63648,Blocked,2.75,0.08,-0.06
49.8833,Unblocked,,,
50.93648,Blocked,2.8,0.08,0.06
51.18644,Unblocked,,,
51.45273,Blocked,2.85,0.08,-0.06
51.70204,Unblocked,,,
52.75483,Blocked,2.9,0.081,0.07
53.00903,Unblocked,,,
53.26547,Blocked,2.95,0.081,-0.07
53.51847,Unblocked,,,
54.57255,Blocked,3,0.081,0.07
54.82835,Unblocked,,,
55.08161,Blocked,3.05,0.081,-0.07
55.33678,Unblocked,,,
56.39258,Blocked,3.1,0.083,0.07
56.65279,Unblocked,,,
56.8949,Blocked,3.15,0.083,-0.07
57.15539,Unblocked,,,
58.2113,Blocked,3.2,0.084,0.07
58.476,Unblocked,,,
58.70767,Blocked,3.25,0.084,-0.07
58.97237,Unblocked,,,
60.02908,Blocked,3.3,0.084,0.07
60.29468,Unblocked,,,
60.52481,Blocked,3.35,0.084,-0.07
60.79089,Unblocked,,,
61.84866,Blocked,3.4,0.085,0.07
62.11957,Unblocked,,,
62.33841,Blocked,3.45,0.085,-0.07
62.60909,Unblocked,,,
63.66652,Blocked,3.5,0.086,0.07
63.94218,Unblocked,,,
64.15137,Blocked,3.55,0.086,-0.07
64.42533,Unblocked,,,
65.48471,Blocked,3.6,0.086,0.07
65.7629,Unblocked,,,
65.96729,Blocked,3.65,0.086,-0.07
66.24391,Unblocked,,,
67.30406,Blocked,3.7,0.087,0.07
67.58826,Unblocked,,,
67.78107,Blocked,3.75,0.087,-0.07
68.06172,Unblocked,,,
69.12193,Blocked,3.8,0.088,0.08
69.41064,Unblocked,,,
69.59365,Blocked,3.85,0.088,-0.08
69.87849,Unblocked,,,
70.94007,Blocked,3.9,0.089,0.08
71.23239,Unblocked,,,
71.40859,Blocked,3.95,0.089,-0.08
71.69688,Unblocked,,,
72.75944,Blocked,4,0.091,0.08
73.05943,Unblocked,,,
73.21909,Blocked,4.05,0.091,-0.08
73.51425,Unblocked,,,
74.57738,Blocked,4.1,0.092,0.08
74.88402,Unblocked,,,
75.03004,Blocked,4.15,0.092,-0.08
75.33137,Unblocked,,,
76.396,Blocked,4.2,0.093,0.08
76.70705,Unblocked,,,
76.84572,Blocked,4.25,0.093,-0.08
77.14975,Unblocked,,,
78.215,Blocked,4.3,0.095,0.08
78.53537,Unblocked,,,
78.65606,Blocked,4.35,0.095,-0.08
78.96705,Unblocked,,,
80.03256,Blocked,4.4,0.096,0.09
80.36119,Unblocked,,,
80.46738,Blocked,4.45,0.096,-0.09
80.78405,Unblocked,,,
81.85085,Blocked,4.5,0.097,0.09
82.1868,Unblocked,,,
82.27997,Blocked,4.55,0.098,-0.09
82.60231,Unblocked,,,
83.6698,Blocked,4.6,0.101,0.09
84.03908,Unblocked,,,
84.08605,Blocked,4.65,0.101,-0.09
84.41945,Unblocked,,,
85.48759,Blocked,4.7,0.032,-0.01
86.23678,Unblocked,,,
87.30594,Blocked,4.75,0.027,0
88.05487,Unblocked,,,
89.12466,Blocked,4.8,0.027,0
89.87189,Unblocked,,,
90.94243,Blocked,4.85,0.027,0
91.6893,Unblocked,,,
92.76113,Blocked,4.9,0.027,0
93.50718,Unblocked,,,
94.57962,Blocked,4.95,0.028,0
95.32403,Unblocked,,,
96.39737,Blocked,5,0.028,0
97.14125,Unblocked,,,
98.21598,Blocked,5.05,0.027,0
98.95916,Unblocked,,,
100.03427,Blocked,5.1,0.028,0
100.77617,Unblocked,,,
101.85211,Blocked,5.15,0.027,0
102.59325,Unblocked,,,
103.67087,Blocked,5.2,0.027,0
104.41077,Unblocked,,,
105.48905,Blocked,5.25,0.028,0
106.22774,Unblocked,,,
107.30664,Blocked,5.3,0.028,0
108.04541,Unblocked,,,
109.125,Blocked,5.35,0.027,0
109.86326,Unblocked,,,
110.94325,Blocked,5.4,0.027,0
111.67983,Unblocked,,,
112.76159,Blocked,5.45,0.027,0
113.49744,Unblocked,,,
114.58007,Blocked,5.5,0.028,0
115.31438,Unblocked,,,
116.3977,Blocked,5.55,0.028,0
117.13075,Unblocked,,,
118.21567,Blocked,5.6,0.028,0
118.94863,Unblocked,,,
120.03395,Blocked,5.65,0.028,0
120.76584,Unblocked,,,
121.85199,Blocked,5.7,0.028,0
122.5827,Unblocked,,,
123.66966,Blocked,5.75,0.028,0
124.39982,Unblocked,,,
125.48786,Blocked,5.8,0.028,0
126.21685,Unblocked,,,
127.30553,Blocked,5.85,0.028,0
128.03377,Unblocked,,,
129.1235,Blocked,5.9,0.028,0
129.8513,Unblocked,,,
130.94175,Blocked,5.95,0.028,0
131.66852,Unblocked,,,
132.75948,Blocked,6,0.028,0
133.48547,Unblocked,,,
134.57751,Blocked,6.05,0.028,0
135.30291,Unblocked,,,
136.39584,Blocked,6.1,0.028,0
137.11991,Unblocked,,,
138.21355,Blocked,6.15,0.028,0
138.93697,Unblocked,,,
140.03121,Blocked,6.2,0.027,0
140.75413,Unblocked,,,
141.85011,Blocked,6.25,0.027,0
142.57104,Unblocked,,,
143.66759,Blocked,6.3,0.028,0
144.38795,Unblocked,,,
145.48608,Blocked,6.35,0.028,0
146.20477,Unblocked,,,
147.30304,Blocked,6.4,0.028,0
148.02169,Unblocked,,,
149.12077,Blocked,6.45,0.028,0
149.83869,Unblocked,,,
150.93869,Blocked,6.5,0.028,0
151.65596,Unblocked,,,
152.75672,Blocked,6.55,0.028,0
153.47282,Unblocked,,,
154.57442,Blocked,6.6,0.028,0
155.28979,Unblocked,,,
156.39217,Blocked,6.65,0.028,0
157.10698,Unblocked,,,
158.20981,Blocked,6.7,0.028,0
158.92395,Unblocked,,,
160.02792,Blocked,6.75,0.028,0
160.74103,Unblocked,,,
161.84556,Blocked,6.8,0.028,0
162.55777,Unblocked,,,
163.66303,Blocked,6.85,0.028,0
164.37433,Unblocked,,,
165.48104,Blocked,6.9,0.028,0
166.19146,Unblocked,,,
167.2992,Blocked,6.95,0.028,0
168.00906,Unblocked,,,
169.11692,Blocked,7,0.028,0
169.82543,Unblocked,,,
170.93474,Blocked,7.05,0.028,0
171.64191,Unblocked,,,
172.75181,Blocked,7.1,0.028,0
173.45916,Unblocked,,,
174.56933,Blocked,7.15,0.028,0
175.27614,Unblocked,,,
176.38651,Blocked,7.2,0.028,0
177.09343,Unblocked,,,
178.20468,Blocked,7.25,0.028,0
178.90845,Unblocked,,,
180.02185,Blocked,7.3,0.028,0
180.72485,Unblocked,,,
181.83972,Blocked,7.35,0.028,0
182.54165,Unblocked,,,
183.6579,Blocked,7.4,0.028,0
184.35798,Unblocked,,,
185.47554,Blocked,7.45,0.028,0
186.17462,Unblocked,,,
187.29343,Blocked,7.5,0.028,0
187.99171,Unblocked,,,
189.10984,Blocked,7.55,0.028,0
189.80837,Unblocked,,,
190.92859,Blocked,7.6,0.027,0
191.62508,Unblocked,,,
192.74667,Blocked,7.65,0.027,0
193.44176,Unblocked,,,
194.56526,Blocked,7.7,0.028,0
195.25931,Unblocked,,,
196.38241,Blocked,7.75,0.028,0
197.076,Unblocked,,,
198.1972,Blocked,7.8,,
198.89282,Unblocked,,,
Run 3,,,,
0,Unblocked,0,,
0.96776,Blocked,,,
1.11237,Unblocked,0.05,0.061,0.03
1.67911,Blocked,,,
1.81197,Unblocked,0.1,0.061,-0.03
2.79051,Blocked,,,
2.92891,Unblocked,0.15,0.06,0.03
3.51454,Blocked,,,
3.64989,Unblocked,0.2,0.06,-0.03
4.60853,Blocked,,,
4.74928,Unblocked,0.25,0.061,0.03
5.30973,Blocked,,,
5.45274,Unblocked,0.3,0.061,-0.03
6.43127,Blocked,,,
6.56783,Unblocked,0.35,0.059,0.03
7.14772,Blocked,,,
7.29479,Unblocked,0.4,0.059,-0.03
8.26472,Blocked,,,
8.40772,Unblocked,0.45,0.062,0.03
8.95149,Blocked,,,
9.09725,Unblocked,0.5,0.062,-0.03
10.0827,Blocked,,,
10.22463,Unblocked,0.55,0.06,0.03
10.79403,Blocked,,,
10.93635,Unblocked,0.6,0.06,-0.03
11.91965,Blocked,,,
12.06657,Unblocked,0.65,0.062,0.03
12.6048,Blocked,,,
12.75029,Unblocked,0.7,0.062,-0.03
13.72707,Blocked,,,
13.87198,Unblocked,0.75,0.06,0.03
14.44136,Blocked,,,
14.58334,Unblocked,0.8,0.06,-0.03
15.56435,Blocked,,,
15.70857,Unblocked,0.85,0.062,0.03
16.25273,Blocked,,,
16.39949,Unblocked,0.9,0.062,-0.03
17.3714,Blocked,,,
17.51482,Unblocked,0.95,0.061,0.03
18.07951,Blocked,,,
18.22327,Unblocked,1,0.06,-0.03
19.20725,Blocked,,,
19.3498,Unblocked,1.05,0.061,0.03
19.89768,Blocked,,,
20.04625,Unblocked,1.1,0.061,-0.03
21.01677,Blocked,,,
21.16328,Unblocked,1.15,0.061,0.03
21.7171,Blocked,,,
21.86255,Unblocked,1.2,0.061,-0.03
22.85027,Blocked,,,
22.99747,Unblocked,1.25,0.061,0.03
23.54365,Blocked,,,
23.69458,Unblocked,1.3,0.061,-0.03
24.66589,Blocked,,,
24.81766,Unblocked,1.35,0.062,0.03
25.3562,Blocked,,,
25.50663,Unblocked,1.4,0.062,-0.03
26.49563,Blocked,,,
26.64419,Unblocked,1.45,0.061,0.03
27.1908,Blocked,,,
27.34216,Unblocked,1.5,0.061,-0.03
28.31806,Blocked,,,
28.47161,Unblocked,1.55,0.062,0.03
29.00173,Blocked,,,
29.15287,Unblocked,1.6,0.062,-0.03
30.13828,Blocked,,,
30.28765,Unblocked,1.65,0.061,0.03
30.83703,Blocked,,,
30.98768,Unblocked,1.7,0.061,-0.03
31.96669,Blocked,,,
32.11874,Unblocked,1.75,0.063,0.03
32.6468,Blocked,,,
32.79872,Unblocked,1.8,0.063,-0.03
33.7799,Blocked,,,
33.93032,Unblocked,1.85,0.061,0.03
34.47803,Blocked,,,
34.62904,Unblocked,1.9,0.061,-0.03
35.61317,Blocked,,,
35.76662,Unblocked,1.95,0.062,0.03
36.29034,Blocked,,,
36.44724,Unblocked,2,0.062,-0.03
37.42483,Blocked,,,
37.57757,Unblocked,2.05,0.062,0.03
38.11662,Blocked,,,
38.27047,Unblocked,2.1,0.061,-0.03
39.25814,Blocked,,,
39.41349,Unblocked,2.15,0.062,0.03
39.93861,Blocked,,,
40.09642,Unblocked,2.2,0.062,-0.03
41.07125,Blocked,,,
41.22966,Unblocked,2.25,0.062,0.03
41.75635,Blocked,,,
41.91288,Unblocked,2.3,0.062,-0.03
42.90292,Blocked,,,
43.05883,Unblocked,2.35,0.062,0.03
43.5865,Blocked,,,
43.74473,Unblocked,2.4,0.062,-0.03
44.72167,Blocked,,,
44.88114,Unblocked,2.45,0.063,0.03
45.39976,Blocked,,,
45.55698,Unblocked,2.5,0.063,-0.03
46.54474,Blocked,,,
46.70095,Unblocked,2.55,0.062,0.03
47.23237,Blocked,,,
47.39022,Unblocked,2.6,0.062,-0.03
48.37036,Blocked,,,
48.53041,Unblocked,2.65,0.063,0.03
49.04272,Blocked,,,
49.20223,Unblocked,2.7,0.063,-0.03
50.18603,Blocked,,,
50.34434,Unblocked,2.75,0.062,0.03
50.87387,Blocked,,,
51.03272,Unblocked,2.8,0.062,-0.03
52.01752,Blocked,,,
52.17846,Unblocked,2.85,0.063,0.03
52.68728,Blocked,,,
52.84958,Unblocked,2.9,0.063,-0.03
53.83062,Blocked,,,
53.99194,Unblocked,2.95,0.062,0.03
54.51356,Blocked,,,
54.67416,Unblocked,3,0.062,-0.03
55.66323,Blocked,,,
55.8259,Unblocked,3.05,0.063,0.03
56.33355,Blocked,,,
56.49889,Unblocked,3.1,0.063,-0.03
57.47768,Blocked,,,
57.64183,Unblocked,3.15,0.063,0.03
58.15262,Blocked,,,
58.31596,Unblocked,3.2,0.063,-0.03
59.30738,Blocked,,,
59.46918,Unblocked,3.25,0.063,0.03
59.98162,Blocked,,,
60.14593,Unblocked,3.3,0.063,-0.03
61.12653,Blocked,,,
61.29286,Unblocked,3.35,0.063,0.03
61.79393,Blocked,,,
61.96009,Unblocked,3.4,0.063,-0.03
62.94843,Blocked,,,
63.11206,Unblocked,3.45,0.062,0.03
63.62517,Blocked,,,
63.79117,Unblocked,3.5,0.062,-0.03
64.77391,Blocked,,,
64.94198,Unblocked,3.55,0.064,0.04
65.43662,Blocked,,,
65.60437,Unblocked,3.6,0.064,-0.04
66.58939,Blocked,,,
66.7568,Unblocked,3.65,0.063,0.03
67.26315,Blocked,,,
67.43137,Unblocked,3.7,0.063,-0.03
68.42072,Blocked,,,
68.58657,Unblocked,3.75,0.064,0.04
69.07941,Blocked,,,
69.25053,Unblocked,3.8,0.064,-0.04
70.23411,Blocked,,,
70.40311,Unblocked,3.85,0.063,0.03
70.9034,Blocked,,,
71.07394,Unblocked,3.9,0.063,-0.03
72.06299,Blocked,,,
72.23446,Unblocked,3.95,0.064,0.04
72.72508,Blocked,,,
72.89843,Unblocked,4,0.064,-0.04
73.87997,Blocked,,,
74.05122,Unblocked,4.05,0.064,0.04
74.54423,Blocked,,,
74.71427,Unblocked,4.1,0.064,-0.04
75.70703,Blocked,,,
75.87548,Unblocked,4.15,0.063,0.03
76.37277,Blocked,,,
76.54372,Unblocked,4.2,0.063,-0.03
77.52841,Blocked,,,
77.70135,Unblocked,4.25,0.064,0.04
78.18464,Blocked,,,
78.35893,Unblocked,4.3,0.064,-0.04
79.34702,Blocked,,,
79.52167,Unblocked,4.35,0.063,0.03
80.01438,Blocked,,,
80.18824,Unblocked,4.4,0.063,-0.04
81.17469,Blocked,,,
81.35198,Unblocked,4.45,0.065,0.04
81.82699,Blocked,,,
82.00416,Unblocked,4.5,0.065,-0.04
82.99091,Blocked,,,
83.16597,Unblocked,4.55,0.064,0.04
83.65533,Blocked,,,
83.82926,Unblocked,4.6,0.064,-0.04
84.8208,Blocked,,,
84.99714,Unblocked,4.65,0.064,0.04
85.4734,Blocked,,,
85.65059,Unblocked,4.7,0.064,-0.04
86.63593,Blocked,,,
86.81375,Unblocked,4.75,0.064,0.04
87.29493,Blocked,,,
87.47065,Unblocked,4.8,0.064,-0.04
88.46441,Blocked,,,
88.64127,Unblocked,4.85,0.064,0.04
89.11946,Blocked,,,
89.29669,Unblocked,4.9,0.064,-0.04
90.28324,Blocked,,,
90.46253,Unblocked,4.95,0.065,0.04
90.93497,Blocked,,,
91.1135,Unblocked,5,0.065,-0.04
92.10643,Blocked,,,
92.28485,Unblocked,5.05,0.064,0.04
92.76307,Blocked,,,
92.94218,Unblocked,5.1,0.064,-0.04
93.93016,Blocked,,,
94.11269,Unblocked,5.15,0.065,0.04
94.57632,Blocked,,,
94.75754,Unblocked,5.2,0.065,-0.04
95.74954,Blocked,,,
95.92695,Unblocked,5.25,0.064,0.04
96.40681,Blocked,,,
96.58354,Unblocked,5.3,0.064,-0.04
97.57814,Blocked,,,
97.75727,Unblocked,5.35,0.065,0.04
98.21916,Blocked,,,
98.40446,Unblocked,5.4,0.065,-0.04
99.39173,Blocked,,,
99.57567,Unblocked,5.45,0.065,0.04
100.04315,Blocked,,,
100.22695,Unblocked,5.5,0.065,-0.04
101.21967,Blocked,,,
101.40574,Unblocked,5.55,0.065,0.04
101.86543,Blocked,,,
102.04915,Unblocked,5.6,0.065,-0.04
103.03829,Blocked,,,
103.2227,Unblocked,5.65,0.065,0.04
103.68426,Blocked,,,
103.86742,Unblocked,5.7,0.065,-0.04
104.86376,Blocked,,,
105.04755,Unblocked,5.75,0.065,0.04
105.50852,Blocked,,,
105.69543,Unblocked,5.8,0.065,-0.04
106.6839,Blocked,,,
106.87338,Unblocked,5.85,0.066,0.04
107.32357,Blocked,,,
107.51159,Unblocked,5.9,0.066,-0.04
108.50516,Blocked,,,
108.69284,Unblocked,5.95,0.065,0.04
109.15208,Blocked,,,
109.33796,Unblocked,6,0.065,-0.04
110.33073,Blocked,,,
110.52149,Unblocked,6.05,0.066,0.04
110.96606,Blocked,,,
111.1552,Unblocked,6.1,0.066,-0.04
112.14865,Blocked,,,
112.33715,Unblocked,6.15,0.065,0.04
112.79131,Blocked,,,
112.97985,Unblocked,6.2,0.065,-0.04
113.9761,Blocked,,,
114.16703,Unblocked,6.25,0.066,0.04
114.60844,Blocked,,,
114.80217,Unblocked,6.3,0.066,-0.04
115.7924,Blocked,,,
115.98574,Unblocked,6.35,0.066,0.04
116.43111,Blocked,,,
116.62164,Unblocked,6.4,0.066,-0.04
117.61925,Blocked,,,
117.81127,Unblocked,6.45,0.066,0.04
118.25474,Blocked,,,
118.44692,Unblocked,6.5,0.066,-0.04
119.43879,Blocked,,,
119.63326,Unblocked,6.55,0.066,0.04
120.07076,Blocked,,,
120.26498,Unblocked,6.6,0.066,-0.04
121.26072,Blocked,,,
121.45597,Unblocked,6.65,0.066,0.04
121.89826,Blocked,,,
122.09118,Unblocked,6.7,0.066,-0.04
123.08507,Blocked,,,
123.28166,Unblocked,6.75,0.067,0.04
123.71208,Blocked,,,
123.90894,Unblocked,6.8,0.067,-0.04
124.90345,Blocked,,,
125.09922,Unblocked,6.85,0.066,0.04
125.53931,Blocked,,,
125.73412,Unblocked,6.9,0.066,-0.04
126.72981,Blocked,,,
126.92834,Unblocked,6.95,0.067,0.04
127.35597,Blocked,,,
127.55351,Unblocked,7,0.067,-0.04
128.54746,Blocked,,,
128.74563,Unblocked,7.05,0.066,0.04
129.17916,Blocked,,,
129.37505,Unblocked,7.1,0.066,-0.04
130.37458,Blocked,,,
130.57248,Unblocked,7.15,0.067,0.04
130.99905,Blocked,,,
131.19918,Unblocked,7.2,0.067,-0.04
132.19227,Blocked,,,
132.39391,Unblocked,7.25,0.067,0.04
132.81884,Blocked,,,
133.01711,Unblocked,7.3,0.067,-0.04
134.01677,Blocked,,,
134.21678,Unblocked,7.35,0.067,0.04
134.64282,Blocked,,,
134.84307,Unblocked,7.4,0.067,-0.04
135.83852,Blocked,,,
136.04133,Unblocked,7.45,0.067,0.04
136.45681,Blocked,,,
136.66055,Unblocked,7.5,0.067,-0.04
137.65848,Blocked,,,
137.86059,Unblocked,7.55,0.067,0.04
138.28307,Blocked,,,
138.4861,Unblocked,7.6,0.067,-0.04
139.48282,Blocked,,,
139.68952,Unblocked,7.65,0.068,0.04
140.09921,Blocked,,,
140.30386,Unblocked,7.7,0.068,-0.04
141.30175,Blocked,,,
141.50694,Unblocked,7.75,0.067,0.04
141.92215,Blocked,,,
142.12694,Unblocked,7.8,0.067,-0.04
143.12767,Blocked,,,
143.33334,Unblocked,7.85,0.068,0.04
143.74064,Blocked,,,
143.9498,Unblocked,7.9,0.068,-0.04
144.94401,Blocked,,,
145.1537,Unblocked,7.95,0.068,0.04
145.56348,Blocked,,,
145.76803,Unblocked,8,0.068,-0.04
146.76964,Blocked,,,
146.97915,Unblocked,8.05,0.068,0.04
147.38455,Blocked,,,
147.59239,Unblocked,8.1,0.068,-0.04
148.59089,Blocked,,,
148.80143,Unblocked,8.15,0.068,0.04
149.20045,Blocked,,,
149.41126,Unblocked,8.2,0.068,-0.04
150.41217,Blocked,,,
150.6214,Unblocked,8.25,0.068,0.04
151.02638,Blocked,,,
151.23672,Unblocked,8.3,0.068,-0.04
152.23531,Blocked,,,
152.44902,Unblocked,8.35,0.069,0.05
152.8422,Blocked,,,
153.05451,Unblocked,8.4,0.069,-0.05
154.05476,Blocked,,,
154.26758,Unblocked,8.45,0.068,0.04
154.66547,Blocked,,,
154.8778,Unblocked,8.5,0.068,-0.04
155.88071,Blocked,,,
156.0936,Unblocked,8.55,0.069,0.05
156.48338,Blocked,,,
156.69976,Unblocked,8.6,0.069,-0.05
157.69758,Blocked,,,
157.91284,Unblocked,8.65,0.069,0.05
158.30634,Blocked,,,
158.51943,Unblocked,8.7,0.069,-0.05
159.52241,Blocked,,,
159.73978,Unblocked,8.75,0.069,0.05
160.12591,Blocked,,,
160.34238,Unblocked,8.8,0.069,-0.05
161.34289,Blocked,,,
161.56173,Unblocked,8.85,0.069,0.05
161.94355,Blocked,,,
162.16172,Unblocked,8.9,0.069,-0.05
163.16472,Blocked,,,
163.38097,Unblocked,8.95,0.069,0.05
163.77002,Blocked,,,
163.98605,Unblocked,9,0.069,-0.05
164.98672,Blocked,,,
165.20872,Unblocked,9.05,0.07,0.05
165.58411,Blocked,,,
165.80309,Unblocked,9.1,0.07,-0.05
166.80778,Blocked,,,
167.02901,Unblocked,9.15,0.069,0.05
167.40695,Blocked,,,
167.62807,Unblocked,9.2,0.069,-0.05
168.63178,Blocked,,,
168.85491,Unblocked,9.25,0.07,0.05
169.22501,Blocked,,,
169.44831,Unblocked,9.3,0.07,-0.05
170.44928,Blocked,,,
170.67365,Unblocked,9.35,0.07,0.05
171.04735,Blocked,,,
171.26901,Unblocked,9.4,0.07,-0.05
172.27382,Blocked,,,
172.49942,Unblocked,9.45,0.07,0.05
172.86554,Blocked,,,
173.09113,Unblocked,9.5,0.07,-0.05
174.09341,Blocked,,,
174.32086,Unblocked,9.55,0.07,0.05
174.68478,Blocked,,,
174.91092,Unblocked,9.6,0.07,-0.05
175.91623,Blocked,,,
176.14349,Unblocked,9.65,0.07,0.05
176.50787,Blocked,,,
176.73484,Unblocked,9.7,0.07,-0.05
177.73745,Blocked,,,
177.96784,Unblocked,9.75,0.071,0.05
178.32437,Blocked,,,
178.55309,Unblocked,9.8,0.071,-0.05
179.55835,Blocked,,,
179.78824,Unblocked,9.85,0.071,0.05
180.14833,Blocked,,,
180.37719,Unblocked,9.9,0.071,-0.05
181.38181,Blocked,,,
181.61447,Unblocked,9.95,0.071,0.05
181.96461,Blocked,,,
182.19633,Unblocked,10,0.071,-0.05
183.19991,Blocked,,,
183.43142,Unblocked,10.05,0.071,0.05
183.78901,Blocked,,,
184.01879,Unblocked,10.1,0.071,-0.05
185.02461,Blocked,,,
185.25791,Unblocked,10.15,0.071,0.05
185.60754,Blocked,,,
185.84031,Unblocked,10.2,0.071,-0.05
186.84379,Blocked,,,
187.078,Unblocked,10.25,0.071,0.05
187.42818,Blocked,,,
187.66047,Unblocked,10.3,0.071,-0.05
188.66726,Blocked,,,
188.90202,Unblocked,10.35,0.071,0.05
189.24954,Blocked,,,
189.4837,Unblocked,10.4,0.071,-0.05
190.48803,Blocked,,,
190.72518,Unblocked,10.45,0.072,0.05
191.06736,Blocked,,,
191.30263,Unblocked,10.5,0.072,-0.05
192.30946,Blocked,,,
192.54657,Unblocked,10.55,0.072,0.05
192.89082,Blocked,,,
193.12656,Unblocked,10.6,0.072,-0.05
194.13156,Blocked,,,
194.37131,Unblocked,10.65,0.072,0.05
194.70671,Blocked,,,
194.94541,Unblocked,10.7,0.072,-0.05
195.95179,Blocked,,,
196.19153,Unblocked,10.75,0.072,0.05
196.53009,Blocked,,,
196.76824,Unblocked,10.8,0.072,-0.05
197.77495,Blocked,,,
198.017,Unblocked,10.85,0.073,0.05
198.34704,Blocked,,,
198.58808,Unblocked,10.9,0.073,-0.05
199.59492,Blocked,,,
199.8376,Unblocked,10.95,0.072,0.05
200.16958,Blocked,,,
200.41006,Unblocked,11,0.072,-0.05
201.41751,Blocked,,,
201.66002,Unblocked,11.05,0.073,0.05
201.98898,Blocked,,,
202.23146,Unblocked,11.1,0.073,-0.05
203.23784,Blocked,,,
203.48288,Unblocked,11.15,0.073,0.05
203.80631,Blocked,,,
204.05049,Unblocked,11.2,0.073,-0.05
205.06071,Blocked,,,
205.30652,Unblocked,11.25,0.073,0.05
205.63014,Blocked,,,
205.87451,Unblocked,11.3,0.073,-0.05
206.88259,Blocked,,,
207.13188,Unblocked,11.35,0.074,0.05
207.44766,Blocked,,,
207.69422,Unblocked,11.4,0.074,-0.05
208.70229,Blocked,,,
208.95019,Unblocked,11.45,0.073,0.05
209.26977,Blocked,,,
209.5163,Unblocked,11.5,0.073,-0.05
210.5266,Blocked,,,
210.77865,Unblocked,11.55,0.074,0.05
211.08882,Blocked,,,
211.33751,Unblocked,11.6,0.074,-0.05
212.34553,Blocked,,,
212.59763,Unblocked,11.65,0.074,0.05
212.90976,Blocked,,,
213.15861,Unblocked,11.7,0.074,-0.05
214.16801,Blocked,,,
214.42099,Unblocked,11.75,0.074,0.05
214.72657,Blocked,,,
214.97913,Unblocked,11.8,0.074,-0.05
215.98878,Blocked,,,
216.24365,Unblocked,11.85,0.075,0.06
216.54689,Blocked,,,
216.7995,Unblocked,11.9,0.075,-0.06
217.81175,Blocked,,,
218.06812,Unblocked,11.95,0.075,0.06
218.36972,Blocked,,,
218.62313,Unblocked,12,0.075,-0.06
219.63211,Blocked,,,
219.89079,Unblocked,12.05,0.075,0.06
220.18421,Blocked,,,
220.4412,Unblocked,12.1,0.075,-0.06
221.45353,Blocked,,,
221.71241,Unblocked,12.15,0.075,0.06
222.00778,Blocked,,,
222.26441,Unblocked,12.2,0.075,-0.06
223.27572,Blocked,,,
223.5382,Unblocked,12.25,0.076,0.06
223.82351,Blocked,,,
224.08375,Unblocked,12.3,0.076,-0.06
225.09539,Blocked,,,
225.35738,Unblocked,12.35,0.076,0.06
225.6455,Blocked,,,
225.90523,Unblocked,12.4,0.076,-0.06
226.91863,Blocked,,,
227.17807,Unblocked,12.45,0.075,0.06
227.46519,Blocked,,,
227.72819,Unblocked,12.5,0.075,-0.06
228.73816,Blocked,,,
229.00562,Unblocked,12.55,0.076,0.06
229.28172,Blocked,,,
229.54803,Unblocked,12.6,0.076,-0.06
230.55843,Blocked,,,
230.82268,Unblocked,12.65,0.076,0.06
231.10207,Blocked,,,
231.36687,Unblocked,12.7,0.076,-0.06
232.38334,Blocked,,,
232.64918,Unblocked,12.75,0.077,0.06
232.92709,Blocked,,,
233.19014,Unblocked,12.8,0.077,-0.06
234.20508,Blocked,,,
234.47755,Unblocked,12.85,0.077,0.06
234.74454,Blocked,,,
235.01367,Unblocked,12.9,0.077,-0.06
236.0241,Blocked,,,
236.30232,Unblocked,12.95,0.078,0.06
236.5572,Blocked,,,
236.83039,Unblocked,13,0.078,-0.06
237.84494,Blocked,,,
238.11572,Unblocked,13.05,0.077,0.06
238.38497,Blocked,,,
238.65318,Unblocked,13.1,0.077,-0.06
239.66923,Blocked,,,
239.94559,Unblocked,13.15,0.078,0.06
240.20094,Blocked,,,
240.47516,Unblocked,13.2,0.078,-0.06
241.48781,Blocked,,,
241.77086,Unblocked,13.25,0.079,0.06
242.01595,Blocked,,,
242.29417,Unblocked,13.3,0.079,-0.06
243.30977,Blocked,,,
243.59003,Unblocked,13.35,0.079,0.06
243.84013,Blocked,,,
244.11525,Unblocked,13.4,0.079,-0.06
245.13248,Blocked,,,
245.41191,Unblocked,13.45,0.079,0.06
245.65997,Blocked,,,
245.93727,Unblocked,13.5,0.079,-0.06
246.95401,Blocked,,,
247.23819,Unblocked,13.55,0.079,0.06
247.47611,Blocked,,,
247.75965,Unblocked,13.6,0.079,-0.06
248.77403,Blocked,,,
249.0651,Unblocked,13.65,0.081,0.07
249.29411,Blocked,,,
249.57771,Unblocked,13.7,0.081,-0.07
250.59502,Blocked,,,
250.88152,Unblocked,13.75,0.08,0.06
251.11901,Blocked,,,
251.40024,Unblocked,13.8,0.08,-0.06
252.41762,Blocked,,,
252.7071,Unblocked,13.85,0.081,0.06
252.93399,Blocked,,,
253.22182,Unblocked,13.9,0.081,-0.06
254.23759,Blocked,,,
254.53157,Unblocked,13.95,0.081,0.07
254.75411,Blocked,,,
255.04179,Unblocked,14,0.081,-0.07
256.06009,Blocked,,,
256.35919,Unblocked,14.05,0.082,0.07
256.57232,Blocked,,,
256.86182,Unblocked,14.1,0.082,-0.07
257.88009,Blocked,,,
258.17694,Unblocked,14.15,0.082,0.07
258.39382,Blocked,,,
258.6831,Unblocked,14.2,0.082,-0.07
259.70391,Blocked,,,
259.9967,Unblocked,14.25,0.081,0.07
260.20731,Blocked,,,
260.50664,Unblocked,14.3,0.081,-0.07
261.52328,Blocked,,,
261.82621,Unblocked,14.35,0.083,0.07
262.02662,Blocked,,,
262.32463,Unblocked,14.4,0.083,-0.07
263.34343,Blocked,,,
263.64897,Unblocked,14.45,0.083,0.07
263.85225,Blocked,,,
264.14611,Unblocked,14.5,0.083,-0.07
265.167,Blocked,,,
265.46961,Unblocked,14.55,0.083,0.07
265.66425,Blocked,,,
265.96826,Unblocked,14.6,0.083,-0.07
266.98689,Blocked,,,
267.29209,Unblocked,14.65,0.083,0.07
267.48565,Blocked,,,
267.78921,Unblocked,14.7,0.083,-0.07
268.80764,Blocked,,,
269.12294,Unblocked,14.75,0.085,0.07
269.30725,Blocked,,,
269.60853,Unblocked,14.8,0.085,-0.07
270.62874,Blocked,,,
270.94338,Unblocked,14.85,0.085,0.07
271.12356,Blocked,,,
271.43022,Unblocked,14.9,0.085,-0.07
272.45138,Blocked,,,
272.76408,Unblocked,14.95,0.085,0.07
272.94031,Blocked,,,
273.25233,Unblocked,15,0.085,-0.07
274.27153,Blocked,,,
274.59092,Unblocked,15.05,0.086,0.07
274.75969,Blocked,,,
275.0716,Unblocked,15.1,0.086,-0.07
276.09233,Blocked,,,
276.41315,Unblocked,15.15,0.087,0.07
276.58133,Blocked,,,
276.8931,Unblocked,15.2,0.087,-0.07
277.91407,Blocked,,,
278.24259,Unblocked,15.25,0.088,0.08
278.39642,Blocked,,,
278.71299,Unblocked,15.3,0.088,-0.08
279.73524,Blocked,,,
280.0621,Unblocked,15.35,0.088,0.08
280.21524,Blocked,,,
280.53519,Unblocked,15.4,0.088,-0.08
281.55753,Blocked,,,
281.88813,Unblocked,15.45,0.089,0.08
282.03236,Blocked,,,
282.35575,Unblocked,15.5,0.089,-0.08
283.37719,Blocked,,,
283.71073,Unblocked,15.55,0.089,0.08
283.8534,Blocked,,,
284.17578,Unblocked,15.6,0.09,-0.08
285.2006,Blocked,,,
285.54735,Unblocked,15.65,0.093,0.08
285.66406,Blocked,,,
285.99747,Unblocked,15.7,0.093,-0.08
287.02231,Blocked,,,
287.37223,Unblocked,15.75,0.094,0.08
287.48412,Blocked,,,
287.81789,Unblocked,15.8,0.094,-0.08
288.84101,Blocked,,,
289.19896,Unblocked,15.85,0.095,0.08
289.29451,Blocked,,,
289.63978,Unblocked,15.9,0.095,-0.08
290.66345,Blocked,,,
291.03334,Unblocked,15.95,0.098,0.09
291.10956,Blocked,,,
291.46056,Unblocked,16,0.098,-0.09
292.48427,Blocked,,,
292.854,Unblocked,16.05,0.098,0.09
292.93438,Blocked,,,
293.28127,Unblocked,16.1,0.098,-0.09
294.30565,Blocked,,,
294.68735,Unblocked,16.15,0.101,0.09
294.73884,Blocked,,,
295.10107,Unblocked,16.2,0.104,-0.08
296.12729,Blocked,,,
296.92298,Unblocked,16.25,0.027,0
297.94901,Blocked,,,
298.74365,Unblocked,16.3,0.027,0
299.76832,Blocked,,,
300.563,Unblocked,16.35,0.027,0
301.59002,Blocked,,,
302.38496,Unblocked,16.4,0.027,0
303.41058,Blocked,,,
304.20665,Unblocked,16.45,0.027,0
305.2265,Blocked,,,
306.02534,Unblocked,16.5,0.027,0
307.05029,Blocked,,,
307.84775,Unblocked,16.55,0.027,0
308.87276,Blocked,,,
309.66822,Unblocked,16.6,0.027,0
310.69222,Blocked,,,
311.48621,Unblocked,16.65,0.027,0
312.5127,Blocked,,,
313.30803,Unblocked,16.7,0.027,0
314.33649,Blocked,,,
315.12998,Unblocked,16.75,0.027,0
316.15567,Blocked,,,
316.9474,Unblocked,16.8,0.027,0
317.97654,Blocked,,,
318.76922,Unblocked,16.85,0.027,0
319.79954,Blocked,,,
320.59042,Unblocked,16.9,,
321.62009,Blocked,,,
Run 4,,,,
0,Blocked,0,,
0.17307,Unblocked,,,
1.17167,Blocked,0.05,0.067,0.04
1.35062,Unblocked,,,
1.79592,Blocked,0.1,0.067,-0.04
1.9698,Unblocked,,,
2.96861,Blocked,0.15,0.067,0.04
3.14177,Unblocked,,,
3.5935,Blocked,0.2,0.067,-0.04
3.76832,Unblocked,,,
4.77325,Blocked,0.25,0.066,0.04
4.94953,Unblocked,,,
5.40336,Blocked,0.3,0.066,-0.04
5.57931,Unblocked,,,
6.58493,Blocked,0.35,0.066,0.04
6.75958,Unblocked,,,
7.21535,Blocked,0.4,0.066,-0.04
7.39243,Unblocked,,,
8.39776,Blocked,0.45,0.068,0.04
8.57522,Unblocked,,,
9.01665,Blocked,0.5,0.068,-0.04
9.20171,Unblocked,,,
10.20979,Blocked,0.55,0.069,0.05
10.39713,Unblocked,,,
10.81482,Blocked,0.6,0.069,-0.05
11.00554,Unblocked,,,
12.01358,Blocked,0.65,0.07,0.05
12.20412,Unblocked,,,
12.61284,Blocked,0.7,0.07,-0.05
12.80756,Unblocked,,,
13.81571,Blocked,0.75,0.07,0.05
14.00732,Unblocked,,,
14.41461,Blocked,0.8,0.07,-0.05
14.61084,Unblocked,,,
15.62267,Blocked,0.85,0.069,0.05
15.81441,Unblocked,,,
16.2252,Blocked,0.9,0.069,-0.05
16.41949,Unblocked,,,
17.43163,Blocked,0.95,0.069,0.05
17.62243,Unblocked,,,
18.03275,Blocked,1,0.069,-0.05
18.22915,Unblocked,,,
19.24204,Blocked,1.05,0.07,0.05
19.43706,Unblocked,,,
19.83529,Blocked,1.1,0.07,-0.05
20.03642,Unblocked,,,
21.05093,Blocked,1.15,0.071,0.05
21.25175,Unblocked,,,
21.63694,Blocked,1.2,0.071,-0.05
21.83892,Unblocked,,,
22.85522,Blocked,1.25,0.072,0.05
23.06024,Unblocked,,,
23.43283,Blocked,1.3,0.072,-0.05
23.64198,Unblocked,,,
24.65946,Blocked,1.35,0.072,0.05
24.86585,Unblocked,,,
25.23586,Blocked,1.4,0.072,-0.05
25.44719,Unblocked,,,
26.46531,Blocked,1.45,0.072,0.05
26.67327,Unblocked,,,
27.0414,Blocked,1.5,0.072,-0.05
27.25426,Unblocked,,,
28.27378,Blocked,1.55,0.073,0.05
28.48439,Unblocked,,,
28.846,Blocked,1.6,0.073,-0.05
29.06221,Unblocked,,,
30.08269,Blocked,1.65,0.073,0.05
30.29831,Unblocked,,,
30.65047,Blocked,1.7,0.073,-0.05
30.86782,Unblocked,,,
31.88814,Blocked,1.75,0.073,0.05
32.11521,Unblocked,,,
32.45392,Blocked,1.8,0.073,-0.05
32.66682,Unblocked,,,
33.69311,Blocked,1.85,0.074,0.06
33.92537,Unblocked,,,
34.24972,Blocked,1.9,0.074,-0.06
34.47561,Unblocked,,,
35.49773,Blocked,1.95,0.186,0.23
35.71006,Unblocked,,,
35.7321,Blocked,2,0.192,-0.18
35.73989,Unblocked,,,
36.03478,Blocked,2.05,1.544,9.11
36.04755,Unblocked,,,
36.06455,Blocked,2.1,1.641,-2.58
36.27789,Unblocked,,,
37.30447,Blocked,2.15,0.075,0.06
37.54026,Unblocked,,,
37.85638,Blocked,2.2,0.075,-0.06
38.08668,Unblocked,,,
39.11295,Blocked,2.25,0.075,0.06
39.34592,Unblocked,,,
39.66273,Blocked,2.3,0.075,-0.06
39.89341,Unblocked,,,
40.9209,Blocked,2.35,0.077,0.06
41.15706,Unblocked,,,
41.4586,Blocked,2.4,0.077,-0.06
41.70021,Unblocked,,,
42.72769,Blocked,2.45,0.078,0.06
42.96968,Unblocked,,,
43.25714,Blocked,2.5,0.078,-0.06
43.50468,Unblocked,,,
44.53488,Blocked,2.55,0.079,0.06
44.7834,Unblocked,,,
45.05849,Blocked,2.6,0.079,-0.06
45.3099,Unblocked,,,
46.3394,Blocked,2.65,0.08,0.06
46.59091,Unblocked,,,
46.85742,Blocked,2.7,0.08,-0.06
47.11384,Unblocked,,,
48.14319,Blocked,2.75,0.079,0.06
48.39444,Unblocked,,,
48.66535,Blocked,2.8,0.079,-0.06
48.91882,Unblocked,,,
49.95023,Blocked,2.85,0.158,0.19
50.20661,Unblocked,,,
50.22338,Blocked,2.9,0.2,0.12
50.22749,Unblocked,,,
50.4565,Blocked,2.95,5.314,43.75
50.46135,Unblocked,,,
50.46557,Blocked,3,5.474,-8.43
50.71764,Unblocked,,,
51.75438,Blocked,3.05,0.081,0.07
52.02839,Unblocked,,,
52.26345,Blocked,3.1,0.081,-0.07
52.52822,Unblocked,,,
53.56473,Blocked,3.15,0.083,0.07
53.83739,Unblocked,,,
54.06331,Blocked,3.2,0.083,-0.07
54.33508,Unblocked,,,
55.37135,Blocked,3.25,0.085,0.07
55.6476,Unblocked,,,
55.85932,Blocked,3.3,0.085,-0.07
56.13966,Unblocked,,,
57.17645,Blocked,3.35,0.086,0.07
57.45959,Unblocked,,,
57.65781,Blocked,3.4,0.086,-0.07
57.94382,Unblocked,,,
58.98259,Blocked,3.45,0.088,0.08
59.27198,Unblocked,,,
59.45659,Blocked,3.5,0.088,-0.08
59.74894,Unblocked,,,
60.78874,Blocked,3.55,0.089,0.08
61.08574,Unblocked,,,
61.25451,Blocked,3.6,0.089,-0.08
61.55409,Unblocked,,,
62.59568,Blocked,3.65,0.092,0.08
62.90411,Unblocked,,,
63.0492,Blocked,3.7,0.092,-0.08
63.3595,Unblocked,,,
64.40131,Blocked,3.75,0.094,0.09
64.72366,Unblocked,,,
64.84271,Blocked,3.8,0.095,-0.08
65.16337,Unblocked,,,
66.20727,Blocked,3.85,0.099,0.09
66.55376,Unblocked,,,
66.63098,Blocked,3.9,0.099,-0.09
66.96811,Unblocked,,,
68.01302,Blocked,3.95,0.033,-0.01
68.77111,Unblocked,,,
69.81527,Blocked,4,0.028,0
70.57734,Unblocked,,,
71.62391,Blocked,4.05,0.028,0
72.38114,Unblocked,,,
73.43091,Blocked,4.1,0.028,0
74.18578,Unblocked,,,
75.23681,Blocked,4.15,0.028,0
75.98963,Unblocked,,,
77.04274,Blocked,4.2,0.028,0
77.79357,Unblocked,,,
78.84772,Blocked,4.25,,
79.59858,Unblocked,,,